// GENERATED -- NETWATCH boot logo, 160x80 RGB565.
#pragma once
#include <Arduino.h>
#define BOOT_W 160
#define BOOT_H 80
static const uint16_t BOOT_PX[12800] = {
  0x0000, 0x0000, 0x0000, 0x00A0, 0x0100, 0x0100, 0x0100, 0x0100, 0x0100, 0x0100, 0x0100, 0x0100,
  0x0100, 0x0100, 0x0100, 0x0100, 0x0100, 0x0100, 0x0100, 0x0100, 0x0100, 0x0100, 0x0100, 0x0100,
  0x0100, 0x0100, 0x0100, 0x0100, 0x0100, 0x0100, 0x0100, 0x0100, 0x0100, 0x0100, 0x0100, 0x0100,
  0x0100, 0x0100, 0x0100, 0x0100, 0x0100, 0x0100, 0x0100, 0x0100, 0x0100, 0x0100, 0x0100, 0x0100,
  0x0100, 0x0100, 0x0100, 0x0100, 0x0100, 0x0100, 0x0100, 0x0100, 0x0100, 0x0100, 0x0100, 0x0100,
  0x0100, 0x0100, 0x0100, 0x0100, 0x0100, 0x0100, 0x0100, 0x0100, 0x0100, 0x0100, 0x0100, 0x0100,
  0x0100, 0x0100, 0x0100, 0x0100, 0x0100, 0x0100, 0x0100, 0x0100, 0x0100, 0x0100, 0x0100, 0x0100,
  0x0100, 0x0100, 0x0100, 0x0100, 0x0100, 0x0100, 0x0100, 0x0100, 0x0100, 0x0100, 0x0100, 0x0100,
  0x0100, 0x0100, 0x0100, 0x0100, 0x0100, 0x0100, 0x0100, 0x0100, 0x0100, 0x0100, 0x0100, 0x0100,
  0x0100, 0x0100, 0x0100, 0x0100, 0x0100, 0x0100, 0x0100, 0x0100, 0x0100, 0x0100, 0x0100, 0x0100,
  0x0100, 0x0100, 0x0100, 0x0100, 0x0100, 0x0100, 0x0100, 0x0100, 0x0100, 0x0100, 0x0100, 0x0120,
  0x0120, 0x0100, 0x0100, 0x0100, 0x0120, 0x0100, 0x0100, 0x0100, 0x0100, 0x0100, 0x0100, 0x0100,
  0x0100, 0x0100, 0x0100, 0x0100, 0x0100, 0x0100, 0x0100, 0x0100, 0x0100, 0x0100, 0x0100, 0x0100,
  0x00C0, 0x0000, 0x0000, 0x0000, 0x0000, 0x0020, 0x0240, 0x02C0, 0x0280, 0x0280, 0x0280, 0x0280,
  0x0280, 0x0280, 0x0280, 0x0280, 0x02A0, 0x02A0, 0x02A0, 0x02A0, 0x02A0, 0x02A0, 0x02A0, 0x02A0,
  0x02A0, 0x02A0, 0x02A0, 0x02A0, 0x02A0, 0x0280, 0x0280, 0x0280, 0x0280, 0x0280, 0x0280, 0x02A0,
  0x02A0, 0x02A0, 0x02A0, 0x02A0, 0x02A0, 0x02A0, 0x0280, 0x0280, 0x02A0, 0x02C0, 0x02A0, 0x02A0,
  0x02A0, 0x0280, 0x0280, 0x0280, 0x02A0, 0x02A0, 0x02A0, 0x0280, 0x0280, 0x0280, 0x0280, 0x0280,
  0x0280, 0x0280, 0x02A0, 0x02A0, 0x02A0, 0x02A0, 0x0280, 0x0280, 0x0280, 0x02A0, 0x02A0, 0x0280,
  0x0260, 0x0260, 0x0260, 0x0260, 0x02A0, 0x02A0, 0x02A0, 0x02A0, 0x0280, 0x0260, 0x0280, 0x0280,
  0x02A0, 0x02A0, 0x02A0, 0x02A0, 0x02A0, 0x02A0, 0x0280, 0x0280, 0x0260, 0x0260, 0x0260, 0x0260,
  0x0280, 0x0280, 0x0260, 0x0260, 0x0260, 0x0260, 0x0260, 0x0260, 0x0260, 0x0260, 0x0280, 0x02A0,
  0x02A0, 0x02A0, 0x0280, 0x0280, 0x0280, 0x02A0, 0x02A0, 0x0280, 0x0280, 0x0260, 0x0260, 0x0280,
  0x0280, 0x0280, 0x02A0, 0x02A0, 0x02A0, 0x02A0, 0x02A0, 0x0280, 0x0260, 0x0260, 0x0280, 0x0280,
  0x0280, 0x0260, 0x0280, 0x0280, 0x0260, 0x0280, 0x02A0, 0x02A0, 0x0280, 0x0280, 0x0260, 0x02A0,
  0x02A0, 0x0280, 0x02A0, 0x02A0, 0x0280, 0x0280, 0x0280, 0x0280, 0x0280, 0x0280, 0x0280, 0x0280,
  0x0280, 0x0280, 0x0280, 0x0260, 0x02C0, 0x02A0, 0x0020, 0x0000, 0x0000, 0x0260, 0x0D40, 0x0140,
  0x0000, 0x0000, 0x0000, 0x0000, 0x0000, 0x0000, 0x0000, 0x0000, 0x0000, 0x0000, 0x0000, 0x0000,
  0x0000, 0x0000, 0x0000, 0x0000, 0x0000, 0x0000, 0x0000, 0x0000, 0x0000, 0x0000, 0x0000, 0x0000,
  0x0000, 0x0000, 0x0000, 0x0000, 0x0000, 0x0000, 0x0000, 0x0000, 0x0000, 0x0000, 0x0000, 0x0000,
  0x0000, 0x0000, 0x0000, 0x0000, 0x0000, 0x0000, 0x0000, 0x0000, 0x0000, 0x0000, 0x0000, 0x0000,
  0x0000, 0x0000, 0x0000, 0x0000, 0x0000, 0x0000, 0x0000, 0x0000, 0x0000, 0x0000, 0x0000, 0x0000,
  0x0000, 0x0000, 0x0000, 0x0000, 0x0020, 0x0060, 0x0040, 0x0020, 0x0000, 0x0000, 0x0000, 0x0000,
  0x0000, 0x0080, 0x0080, 0x0040, 0x0000, 0x0000, 0x0000, 0x0000, 0x0000, 0x0000, 0x0000, 0x0040,
  0x0060, 0x0060, 0x0060, 0x0060, 0x0040, 0x0040, 0x0040, 0x0040, 0x0040, 0x0040, 0x0040, 0x0060,
  0x0060, 0x0040, 0x0000, 0x0000, 0x0000, 0x0000, 0x0000, 0x0000, 0x0000, 0x0000, 0x0000, 0x0000,
  0x0040, 0x0060, 0x0040, 0x0040, 0x0040, 0x0060, 0x0000, 0x0000, 0x0000, 0x0000, 0x0000, 0x0020,
  0x0060, 0x0040, 0x0000, 0x0000, 0x0060, 0x0040, 0x0040, 0x0060, 0x0060, 0x0000, 0x0000, 0x0000,
  0x0060, 0x0040, 0x0060, 0x0000, 0x0000, 0x0000, 0x0000, 0x0000, 0x0000, 0x0000, 0x0000, 0x0000,
  0x0000, 0x0000, 0x0000, 0x0000, 0x0000, 0x0000, 0x0000, 0x0000, 0x0080, 0x0500, 0x02A0, 0x0000,
  0x0020, 0x02C0, 0x00A0, 0x0040, 0x0020, 0x0000, 0x0000, 0x0000, 0x0000, 0x0000, 0x0000, 0x0000,
  0x0000, 0x0000, 0x0000, 0x0000, 0x0000, 0x0000, 0x0000, 0x0000, 0x0000, 0x0000, 0x0000, 0x0000,
  0x0000, 0x0000, 0x0000, 0x0000, 0x0000, 0x0000, 0x0000, 0x0000, 0x0000, 0x0000, 0x0000, 0x0000,
  0x0000, 0x0000, 0x0000, 0x0000, 0x0000, 0x0000, 0x0000, 0x0000, 0x0000, 0x0000, 0x0000, 0x0000,
  0x0000, 0x0000, 0x0000, 0x0000, 0x0000, 0x0000, 0x0000, 0x0000, 0x0000, 0x0000, 0x0000, 0x0000,
  0x0000, 0x0000, 0x0000, 0x0000, 0x0000, 0x0060, 0x00C0, 0x0100, 0x0120, 0x0100, 0x00E0, 0x0080,
  0x0020, 0x0000, 0x0000, 0x0060, 0x00C0, 0x0060, 0x0040, 0x0000, 0x0000, 0x0020, 0x0060, 0x00A0,
  0x00C0, 0x0100, 0x0120, 0x0120, 0x0120, 0x0100, 0x00C0, 0x0060, 0x0080, 0x0100, 0x0120, 0x0120,
  0x0120, 0x0120, 0x0120, 0x0100, 0x0080, 0x0020, 0x0000, 0x0000, 0x0000, 0x0000, 0x0000, 0x0000,
  0x0000, 0x0000, 0x0000, 0x00A0, 0x0120, 0x0120, 0x0120, 0x0120, 0x0120, 0x0060, 0x0000, 0x0000,
  0x0000, 0x0000, 0x0060, 0x0100, 0x0120, 0x0040, 0x0000, 0x00A0, 0x0160, 0x0100, 0x00E0, 0x0140,
  0x0140, 0x0060, 0x0000, 0x0060, 0x0140, 0x0120, 0x00E0, 0x0000, 0x0000, 0x0000, 0x0000, 0x0000,
  0x0000, 0x0000, 0x0000, 0x0000, 0x0000, 0x0000, 0x0000, 0x0000, 0x0000, 0x0000, 0x0000, 0x0020,
  0x0020, 0x00A0, 0x02C0, 0x0020, 0x0020, 0x0280, 0x0000, 0x0020, 0x0100, 0x0000, 0x0000, 0x0000,
  0x0000, 0x0000, 0x0000, 0x0000, 0x0000, 0x0000, 0x0000, 0x0000, 0x0000, 0x0000, 0x0000, 0x0000,
  0x0000, 0x0000, 0x0000, 0x0000, 0x0000, 0x0100, 0x0040, 0x0000, 0x0000, 0x0000, 0x0000, 0x0000,
  0x0000, 0x0000, 0x0000, 0x0000, 0x0000, 0x0000, 0x0000, 0x0000, 0x0000, 0x0000, 0x0000, 0x0000,
  0x0000, 0x0000, 0x0000, 0x0000, 0x0000, 0x0000, 0x0000, 0x0000, 0x0000, 0x0000, 0x0000, 0x0000,
  0x0000, 0x0000, 0x0000, 0x0000, 0x0000, 0x0020, 0x0060, 0x00A0, 0x0120, 0x0120, 0x0100, 0x00C0,
  0x0060, 0x0020, 0x0000, 0x0000, 0x0000, 0x0000, 0x0000, 0x0000, 0x0000, 0x0020, 0x0040, 0x0080,
  0x0100, 0x0120, 0x0140, 0x0120, 0x0100, 0x00C0, 0x0080, 0x0060, 0x0000, 0x0000, 0x0000, 0x0080,
  0x0100, 0x0100, 0x0100, 0x0120, 0x0100, 0x0080, 0x0040, 0x0000, 0x0000, 0x0000, 0x0000, 0x0020,
  0x0040, 0x0000, 0x0000, 0x0000, 0x0000, 0x0000, 0x00A0, 0x0120, 0x0100, 0x0100, 0x0100, 0x0100,
  0x0040, 0x0000, 0x0000, 0x0000, 0x0000, 0x0000, 0x00E0, 0x0120, 0x0040, 0x0000, 0x0000, 0x00E0,
  0x0140, 0x00A0, 0x00A0, 0x0120, 0x0120, 0x0020, 0x0000, 0x0040, 0x0120, 0x0100, 0x0020, 0x0000,
  0x0000, 0x0000, 0x0000, 0x0000, 0x0000, 0x0000, 0x0000, 0x0020, 0x0100, 0x0000, 0x0000, 0x0000,
  0x0000, 0x0000, 0x0000, 0x00A0, 0x0020, 0x0000, 0x0260, 0x0040, 0x0020, 0x0280, 0x0000, 0x0000,
  0x0000, 0x0000, 0x0000, 0x0000, 0x0000, 0x0000, 0x0000, 0x0000, 0x0000, 0x0000, 0x0000, 0x0000,
  0x0000, 0x0000, 0x0000, 0x0000, 0x0000, 0x0000, 0x0000, 0x0000, 0x0000, 0x00C0, 0x0020, 0x0000,
  0x0000, 0x0000, 0x0000, 0x0000, 0x0000, 0x0000, 0x0000, 0x0000, 0x0000, 0x0000, 0x0000, 0x0000,
  0x0000, 0x0000, 0x0000, 0x0000, 0x0000, 0x0000, 0x0000, 0x0000, 0x0000, 0x0000, 0x0000, 0x0000,
  0x0000, 0x0000, 0x0000, 0x0000, 0x0000, 0x0020, 0x0080, 0x00C0, 0x0100, 0x0140, 0x0100, 0x0100,
  0x00C0, 0x0060, 0x0020, 0x0000, 0x0000, 0x0000, 0x0000, 0x0000, 0x0020, 0x0060, 0x00A0, 0x00C0,
  0x0100, 0x0140, 0x0120, 0x0100, 0x00E0, 0x00A0, 0x0040, 0x0020, 0x0000, 0x0000, 0x0000, 0x0000,
  0x0020, 0x00C0, 0x0100, 0x0120, 0x0100, 0x0100, 0x00E0, 0x0060, 0x0000, 0x0000, 0x0000, 0x0000,
  0x0000, 0x0060, 0x0080, 0x00A0, 0x0000, 0x0000, 0x0000, 0x0000, 0x0000, 0x00A0, 0x0120, 0x0100,
  0x0100, 0x0100, 0x0100, 0x0020, 0x0000, 0x0000, 0x0000, 0x0000, 0x0000, 0x00C0, 0x0120, 0x0080,
  0x0000, 0x0000, 0x0020, 0x0120, 0x0120, 0x0080, 0x00A0, 0x0140, 0x0100, 0x0020, 0x0000, 0x0040,
  0x0120, 0x0100, 0x0080, 0x0080, 0x0060, 0x0000, 0x0000, 0x0000, 0x0000, 0x0000, 0x0000, 0x0020,
  0x00C0, 0x0000, 0x0000, 0x0000, 0x0000, 0x0000, 0x0000, 0x0000, 0x0000, 0x0000, 0x0280, 0x0040,
  0x0020, 0x0280, 0x0000, 0x0000, 0x0000, 0x0000, 0x0000, 0x0000, 0x0000, 0x0000, 0x0000, 0x0000,
  0x0000, 0x0000, 0x0000, 0x0000, 0x0000, 0x0000, 0x0000, 0x0000, 0x0000, 0x0000, 0x0000, 0x0000,
  0x0000, 0x0000, 0x0000, 0x0000, 0x0000, 0x0000, 0x0000, 0x0000, 0x0000, 0x0000, 0x0000, 0x0000,
  0x0000, 0x0000, 0x0000, 0x0000, 0x0000, 0x0000, 0x0000, 0x0000, 0x0000, 0x0000, 0x0000, 0x0000,
  0x0000, 0x0000, 0x0000, 0x0000, 0x0000, 0x0020, 0x0080, 0x00E0, 0x00E0, 0x0120, 0x0100, 0x00E0,
  0x00A0, 0x0060, 0x0020, 0x0000, 0x0000, 0x0000, 0x0000, 0x0000, 0x0020, 0x0080, 0x00C0, 0x0100,
  0x0120, 0x0120, 0x0100, 0x00E0, 0x00C0, 0x0060, 0x0020, 0x0000, 0x0000, 0x00E0, 0x0120, 0x0060,
  0x0000, 0x0000, 0x0020, 0x00A0, 0x0100, 0x0120, 0x0120, 0x00E0, 0x00C0, 0x0040, 0x0000, 0x0000,
  0x0000, 0x0000, 0x0020, 0x0060, 0x0060, 0x0020, 0x0060, 0x0000, 0x0000, 0x0000, 0x0000, 0x0000,
  0x00A0, 0x0120, 0x0100, 0x0100, 0x0100, 0x00E0, 0x0020, 0x0000, 0x0000, 0x0000, 0x0000, 0x0000,
  0x0080, 0x0120, 0x00C0, 0x0000, 0x0000, 0x0000, 0x0060, 0x0120, 0x0120, 0x0060, 0x00A0, 0x0120,
  0x0100, 0x0000, 0x0000, 0x0040, 0x0120, 0x0120, 0x0120, 0x0120, 0x0120, 0x0100, 0x0100, 0x00C0,
  0x0040, 0x0020, 0x0000, 0x0000, 0x0000, 0x0000, 0x0000, 0x0000, 0x0000, 0x0000, 0x0000, 0x0000,
  0x0000, 0x0000, 0x0260, 0x0040, 0x0020, 0x0260, 0x0000, 0x0000, 0x0000, 0x0000, 0x0000, 0x0000,
  0x0000, 0x0000, 0x0000, 0x0000, 0x0260, 0x0140, 0x0000, 0x0000, 0x0000, 0x0000, 0x0000, 0x0000,
  0x0000, 0x0000, 0x0000, 0x0000, 0x0000, 0x0000, 0x0000, 0x0000, 0x0000, 0x0000, 0x0000, 0x0000,
  0x0000, 0x0000, 0x0000, 0x0000, 0x0000, 0x0000, 0x0000, 0x0000, 0x0000, 0x0000, 0x0000, 0x0000,
  0x0000, 0x0000, 0x0000, 0x0000, 0x0000, 0x0020, 0x0040, 0x00A0, 0x00E0, 0x00E0, 0x00C0, 0x0060,
  0x0040, 0x0020, 0x0000, 0x0000, 0x0000, 0x0000, 0x0000, 0x0020, 0x0060, 0x00C0, 0x0120, 0x0120,
  0x0140, 0x0140, 0x00E0, 0x00A0, 0x00A0, 0x0040, 0x0000, 0x0000, 0x0080, 0x0000, 0x0000, 0x0000,
  0x0000, 0x00A0, 0x0180, 0x00E0, 0x0060, 0x00A0, 0x0100, 0x0120, 0x0120, 0x00E0, 0x0080, 0x0000,
  0x0000, 0x0000, 0x0000, 0x0020, 0x0040, 0x0060, 0x0060, 0x0000, 0x0000, 0x0040, 0x0000, 0x0000,
  0x0000, 0x0000, 0x0000, 0x00C0, 0x0120, 0x0100, 0x0100, 0x0120, 0x0100, 0x0020, 0x0000, 0x0000,
  0x0000, 0x0000, 0x0020, 0x00A0, 0x0100, 0x00E0, 0x0020, 0x0040, 0x0080, 0x0000, 0x0080, 0x0100,
  0x0120, 0x0020, 0x00A0, 0x0120, 0x00A0, 0x0000, 0x0000, 0x0000, 0x0080, 0x0080, 0x0080, 0x00A0,
  0x00A0, 0x00A0, 0x00C0, 0x00C0, 0x00C0, 0x00C0, 0x00A0, 0x0060, 0x0020, 0x0000, 0x0000, 0x0000,
  0x0000, 0x0000, 0x0000, 0x0000, 0x0000, 0x0000, 0x0280, 0x0040, 0x0020, 0x0280, 0x0000, 0x0000,
  0x0000, 0x0000, 0x0000, 0x0000, 0x0000, 0x0000, 0x0000, 0x0000, 0x02E0, 0x0180, 0x0000, 0x0000,
  0x0000, 0x0000, 0x0000, 0x0000, 0x0000, 0x0000, 0x0000, 0x0000, 0x0000, 0x0000, 0x0000, 0x0000,
  0x0000, 0x0000, 0x0000, 0x0000, 0x0000, 0x0000, 0x0000, 0x0000, 0x0000, 0x0000, 0x0000, 0x0000,
  0x0000, 0x0000, 0x0000, 0x0000, 0x0000, 0x0000, 0x0020, 0x0080, 0x00C0, 0x0120, 0x0120, 0x00C0,
  0x0080, 0x0060, 0x0040, 0x0040, 0x0000, 0x0000, 0x0000, 0x0000, 0x0060, 0x00A0, 0x00E0, 0x0140,
  0x0140, 0x0140, 0x00E0, 0x0060, 0x0060, 0x0020, 0x0000, 0x0000, 0x0000, 0x0000, 0x0000, 0x0000,
  0x00C0, 0x00A0, 0x0000, 0x0000, 0x0000, 0x0000, 0x0060, 0x00E0, 0x0120, 0x0120, 0x0100, 0x0080,
  0x0040, 0x0000, 0x0000, 0x0000, 0x0020, 0x0080, 0x00A0, 0x00E0, 0x00A0, 0x0020, 0x0000, 0x0000,
  0x00A0, 0x0020, 0x0000, 0x0000, 0x0000, 0x0000, 0x00C0, 0x0120, 0x0100, 0x0100, 0x0100, 0x0100,
  0x0020, 0x0000, 0x0000, 0x0000, 0x0000, 0x0000, 0x0000, 0x00E0, 0x0140, 0x0020, 0x0000, 0x0240,
  0x0160, 0x0000, 0x00C0, 0x0100, 0x0100, 0x0000, 0x00A0, 0x0140, 0x0080, 0x0000, 0x0000, 0x0000,
  0x00A0, 0x00A0, 0x0000, 0x0000, 0x0000, 0x0000, 0x0000, 0x0000, 0x0000, 0x0000, 0x0000, 0x0000,
  0x0000, 0x0000, 0x0000, 0x0000, 0x0000, 0x0000, 0x0000, 0x0000, 0x0000, 0x0000, 0x0280, 0x0040,
  0x0020, 0x02A0, 0x0000, 0x0000, 0x0000, 0x0000, 0x0000, 0x0000, 0x0000, 0x0000, 0x0000, 0x0000,
  0x0000, 0x0000, 0x0000, 0x0000, 0x0000, 0x0000, 0x0000, 0x0000, 0x0000, 0x0000, 0x0000, 0x0000,
  0x0000, 0x0000, 0x0000, 0x0000, 0x0000, 0x0000, 0x0000, 0x0000, 0x0000, 0x0000, 0x0000, 0x0020,
  0x01E0, 0x0020, 0x0000, 0x0000, 0x0000, 0x0000, 0x0000, 0x0000, 0x0000, 0x0000, 0x0040, 0x0040,
  0x0040, 0x0040, 0x0040, 0x0040, 0x0040, 0x0040, 0x0040, 0x0080, 0x00A0, 0x00A0, 0x0100, 0x0120,
  0x0160, 0x0100, 0x00C0, 0x0060, 0x0020, 0x0020, 0x0000, 0x0000, 0x0000, 0x0000, 0x0000, 0x0000,
  0x0000, 0x0000, 0x0000, 0x0000, 0x0020, 0x00E0, 0x0000, 0x0000, 0x0080, 0x0100, 0x0140, 0x0120,
  0x0100, 0x0080, 0x0020, 0x0000, 0x0000, 0x0000, 0x0080, 0x0120, 0x0140, 0x0100, 0x00C0, 0x0040,
  0x0000, 0x0000, 0x0040, 0x00C0, 0x0040, 0x0000, 0x0000, 0x0000, 0x0000, 0x00C0, 0x0140, 0x0120,
  0x0100, 0x0120, 0x00C0, 0x0000, 0x0000, 0x0000, 0x0000, 0x0000, 0x0020, 0x0040, 0x0080, 0x0140,
  0x0040, 0x0000, 0x01E0, 0x0260, 0x00E0, 0x0000, 0x00E0, 0x0120, 0x00E0, 0x0000, 0x00C0, 0x0120,
  0x0080, 0x0000, 0x0000, 0x0000, 0x00C0, 0x0140, 0x00C0, 0x0020, 0x0000, 0x0000, 0x0000, 0x0000,
  0x0000, 0x0000, 0x0000, 0x0000, 0x0000, 0x0000, 0x0000, 0x0000, 0x0000, 0x0000, 0x0000, 0x0000,
  0x0000, 0x0000, 0x0280, 0x0040, 0x0020, 0x02A0, 0x0000, 0x0000, 0x0000, 0x0000, 0x0000, 0x0000,
  0x0000, 0x0000, 0x0000, 0x0000, 0x0000, 0x0000, 0x0000, 0x0000, 0x0000, 0x0000, 0x0000, 0x0000,
  0x0000, 0x0000, 0x0000, 0x0000, 0x0000, 0x0000, 0x0000, 0x0000, 0x0000, 0x0000, 0x0000, 0x0000,
  0x0000, 0x0000, 0x0000, 0x0040, 0x0280, 0x0040, 0x0000, 0x0000, 0x0000, 0x0000, 0x0000, 0x0000,
  0x0000, 0x0000, 0x0000, 0x0000, 0x0000, 0x0000, 0x0000, 0x0000, 0x0000, 0x0020, 0x00A0, 0x0100,
  0x0100, 0x0120, 0x00C0, 0x0040, 0x0020, 0x0000, 0x0000, 0x0000, 0x0000, 0x0000, 0x0000, 0x0000,
  0x0000, 0x0000, 0x0000, 0x0000, 0x0000, 0x0000, 0x0000, 0x0000, 0x0000, 0x0040, 0x00C0, 0x0120,
  0x0140, 0x0120, 0x0100, 0x0060, 0x0000, 0x0000, 0x0000, 0x0020, 0x0060, 0x00A0, 0x00E0, 0x0100,
  0x00E0, 0x0060, 0x0000, 0x0000, 0x0020, 0x00A0, 0x0100, 0x0020, 0x0000, 0x0000, 0x0000, 0x0000,
  0x00C0, 0x0140, 0x0120, 0x0140, 0x0140, 0x00C0, 0x0000, 0x0000, 0x0000, 0x0000, 0x0000, 0x0020,
  0x00A0, 0x0080, 0x0120, 0x00A0, 0x0000, 0x01C0, 0x0260, 0x0260, 0x0100, 0x0000, 0x0140, 0x0140,
  0x00A0, 0x0000, 0x00A0, 0x0120, 0x0060, 0x0000, 0x0000, 0x0000, 0x00C0, 0x0100, 0x0120, 0x0120,
  0x0060, 0x0000, 0x0000, 0x0000, 0x0000, 0x0000, 0x0000, 0x0000, 0x0000, 0x0000, 0x0000, 0x0000,
  0x0000, 0x0000, 0x0000, 0x0000, 0x0000, 0x0000, 0x0280, 0x0040, 0x0020, 0x02A0, 0x0000, 0x0000,
  0x0000, 0x0000, 0x0000, 0x0000, 0x0000, 0x0000, 0x0000, 0x0000, 0x0000, 0x0000, 0x0000, 0x0000,
  0x0000, 0x0000, 0x0000, 0x0000, 0x0000, 0x0000, 0x0000, 0x0000, 0x0000, 0x0000, 0x0000, 0x0000,
  0x0000, 0x0000, 0x0000, 0x0000, 0x0000, 0x0000, 0x0000, 0x0000, 0x0000, 0x0000, 0x0000, 0x0000,
  0x0000, 0x0000, 0x0000, 0x0000, 0x0000, 0x0000, 0x0000, 0x0000, 0x0000, 0x0000, 0x0040, 0x00A0,
  0x0100, 0x00E0, 0x00C0, 0x0080, 0x0000, 0x0000, 0x0000, 0x0000, 0x0000, 0x0000, 0x0000, 0x0000,
  0x0000, 0x0000, 0x0000, 0x0000, 0x0000, 0x0000, 0x0000, 0x0000, 0x0000, 0x0000, 0x0000, 0x0040,
  0x00C0, 0x0120, 0x0140, 0x0100, 0x00A0, 0x0020, 0x0000, 0x0000, 0x0000, 0x0000, 0x0000, 0x0040,
  0x0020, 0x0040, 0x0080, 0x00A0, 0x0020, 0x0000, 0x0000, 0x0000, 0x0080, 0x00E0, 0x0020, 0x0000,
  0x0000, 0x0000, 0x0000, 0x00E0, 0x0140, 0x0120, 0x0140, 0x0140, 0x0080, 0x0000, 0x0000, 0x0020,
  0x0000, 0x0000, 0x0040, 0x00C0, 0x0080, 0x00E0, 0x0120, 0x0000, 0x0160, 0x02C0, 0x0240, 0x02A0,
  0x0120, 0x0020, 0x0120, 0x0120, 0x0060, 0x0000, 0x00C0, 0x0140, 0x0060, 0x0000, 0x0000, 0x0000,
  0x00A0, 0x00E0, 0x0100, 0x0100, 0x0100, 0x00A0, 0x0000, 0x0000, 0x0000, 0x0000, 0x0000, 0x0000,
  0x0000, 0x0000, 0x0000, 0x0080, 0x0080, 0x0000, 0x0000, 0x0000, 0x0000, 0x0000, 0x0280, 0x0040,
  0x0020, 0x0260, 0x0000, 0x0000, 0x0000, 0x0000, 0x0000, 0x0000, 0x0000, 0x0000, 0x0000, 0x0000,
  0x0000, 0x0000, 0x0000, 0x0000, 0x0000, 0x0000, 0x0000, 0x0000, 0x0000, 0x0000, 0x0000, 0x0000,
  0x0000, 0x0000, 0x0000, 0x0000, 0x0000, 0x0000, 0x0000, 0x0000, 0x0000, 0x0000, 0x0000, 0x0000,
  0x0000, 0x0000, 0x0000, 0x0000, 0x0000, 0x0000, 0x0000, 0x0000, 0x0000, 0x0000, 0x0000, 0x0020,
  0x0080, 0x00A0, 0x00C0, 0x0060, 0x0000, 0x0000, 0x0000, 0x0000, 0x0000, 0x0000, 0x0000, 0x0000,
  0x0000, 0x0000, 0x0000, 0x0000, 0x0000, 0x0000, 0x0000, 0x0000, 0x0000, 0x0000, 0x0000, 0x0000,
  0x0000, 0x0060, 0x00E0, 0x0140, 0x0120, 0x00C0, 0x0060, 0x0000, 0x0000, 0x0000, 0x0000, 0x0060,
  0x0080, 0x00A0, 0x0060, 0x0020, 0x0080, 0x00C0, 0x0060, 0x0000, 0x0000, 0x0060, 0x0040, 0x0000,
  0x0000, 0x0000, 0x0000, 0x0000, 0x0000, 0x0000, 0x00E0, 0x0120, 0x0120, 0x0120, 0x0120, 0x0060,
  0x0000, 0x0040, 0x0060, 0x0000, 0x0000, 0x0040, 0x00A0, 0x0080, 0x0080, 0x0140, 0x0020, 0x0160,
  0x02E0, 0x0260, 0x0260, 0x02C0, 0x0120, 0x0040, 0x0120, 0x0100, 0x0020, 0x0000, 0x00C0, 0x0120,
  0x0020, 0x0000, 0x0000, 0x0040, 0x0120, 0x00C0, 0x00A0, 0x0100, 0x0100, 0x0100, 0x0100, 0x0060,
  0x0000, 0x0000, 0x0000, 0x0000, 0x0000, 0x0000, 0x0000, 0x01C0, 0x01C0, 0x0000, 0x0000, 0x0000,
  0x0000, 0x0000, 0x0260, 0x0040, 0x0020, 0x0260, 0x0000, 0x0000, 0x0000, 0x0000, 0x0000, 0x0000,
  0x0000, 0x0000, 0x0000, 0x0000, 0x0000, 0x0000, 0x0000, 0x0000, 0x0000, 0x0000, 0x0000, 0x0000,
  0x0000, 0x0000, 0x0000, 0x0000, 0x0000, 0x0000, 0x0000, 0x0000, 0x0000, 0x0000, 0x0000, 0x0000,
  0x0000, 0x0000, 0x0000, 0x0000, 0x0000, 0x0000, 0x0000, 0x0000, 0x0000, 0x0000, 0x0000, 0x0000,
  0x0000, 0x0000, 0x0020, 0x0040, 0x0020, 0x0000, 0x0000, 0x0000, 0x0000, 0x0000, 0x0000, 0x0000,
  0x0000, 0x0000, 0x0000, 0x0000, 0x00A0, 0x00C0, 0x0000, 0x0000, 0x0000, 0x0000, 0x0000, 0x0000,
  0x0000, 0x0000, 0x0000, 0x0060, 0x00E0, 0x0120, 0x0100, 0x0080, 0x0020, 0x0000, 0x0000, 0x0000,
  0x0000, 0x0020, 0x0000, 0x0080, 0x00A0, 0x0060, 0x0060, 0x00E0, 0x00A0, 0x0000, 0x0000, 0x0040,
  0x0080, 0x0080, 0x0080, 0x0060, 0x0020, 0x0000, 0x0000, 0x0000, 0x0000, 0x00E0, 0x0100, 0x0100,
  0x0120, 0x0100, 0x0040, 0x0000, 0x0040, 0x0060, 0x0000, 0x0000, 0x0020, 0x0060, 0x0060, 0x0040,
  0x0120, 0x00A0, 0x0000, 0x0120, 0x01E0, 0x0260, 0x0280, 0x02A0, 0x0120, 0x00A0, 0x0120, 0x00E0,
  0x0000, 0x0000, 0x00E0, 0x00E0, 0x0000, 0x0000, 0x0000, 0x0060, 0x0100, 0x00E0, 0x00C0, 0x0080,
  0x00E0, 0x0100, 0x0100, 0x0100, 0x00A0, 0x0000, 0x0000, 0x0000, 0x0000, 0x0000, 0x0000, 0x0000,
  0x0000, 0x0000, 0x0000, 0x0000, 0x0000, 0x0000, 0x0260, 0x0040, 0x0020, 0x0280, 0x0000, 0x0000,
  0x0000, 0x0000, 0x0000, 0x0000, 0x0000, 0x0000, 0x0000, 0x0000, 0x0000, 0x0000, 0x0000, 0x0000,
  0x0000, 0x0000, 0x0000, 0x0000, 0x0000, 0x0000, 0x0000, 0x0000, 0x0000, 0x0000, 0x0000, 0x0000,
  0x0000, 0x0000, 0x0000, 0x0000, 0x0000, 0x0000, 0x0000, 0x0000, 0x0000, 0x0000, 0x0000, 0x0000,
  0x0000, 0x0000, 0x0000, 0x0000, 0x0000, 0x0000, 0x0000, 0x0000, 0x0000, 0x0000, 0x0000, 0x0000,
  0x0000, 0x0000, 0x0000, 0x0000, 0x0000, 0x0000, 0x0000, 0x0000, 0x0020, 0x0040, 0x0000, 0x0000,
  0x0000, 0x0000, 0x0000, 0x0000, 0x0000, 0x0060, 0x0100, 0x0140, 0x00C0, 0x0020, 0x0000, 0x0000,
  0x0000, 0x0000, 0x00C0, 0x00A0, 0x0000, 0x0040, 0x0140, 0x0040, 0x0080, 0x00A0, 0x0080, 0x0000,
  0x0000, 0x0040, 0x0080, 0x0080, 0x00C0, 0x00A0, 0x00A0, 0x0000, 0x0000, 0x0000, 0x0000, 0x0020,
  0x00E0, 0x0120, 0x0100, 0x0100, 0x0100, 0x0020, 0x0000, 0x0060, 0x0060, 0x0000, 0x0000, 0x0060,
  0x0080, 0x0020, 0x0000, 0x00C0, 0x00C0, 0x0000, 0x0000, 0x0000, 0x0000, 0x00C0, 0x0240, 0x02A0,
  0x0100, 0x00A0, 0x0100, 0x00A0, 0x0000, 0x0040, 0x0100, 0x00A0, 0x0000, 0x0000, 0x0000, 0x0020,
  0x0100, 0x00E0, 0x00E0, 0x0100, 0x0080, 0x00C0, 0x0100, 0x00E0, 0x0100, 0x0100, 0x0060, 0x0000,
  0x0000, 0x0000, 0x0000, 0x0000, 0x0000, 0x0000, 0x0000, 0x0000, 0x0000, 0x0000, 0x0280, 0x0040,
  0x0020, 0x0280, 0x0000, 0x0000, 0x0000, 0x0000, 0x0000, 0x0000, 0x0000, 0x0000, 0x0000, 0x0000,
  0x0000, 0x0000, 0x0000, 0x0000, 0x0000, 0x0000, 0x0000, 0x0000, 0x0000, 0x0000, 0x0000, 0x0000,
  0x0000, 0x0000, 0x0000, 0x0000, 0x0000, 0x0000, 0x0000, 0x0000, 0x0000, 0x0000, 0x0000, 0x0000,
  0x0000, 0x0000, 0x0000, 0x0000, 0x0000, 0x0000, 0x0000, 0x0000, 0x0000, 0x0000, 0x0000, 0x0000,
  0x0000, 0x0000, 0x0000, 0x0000, 0x0000, 0x0000, 0x0000, 0x0000, 0x0000, 0x0000, 0x0000, 0x0000,
  0x0000, 0x0000, 0x0000, 0x0000, 0x0000, 0x0000, 0x0020, 0x0080, 0x0100, 0x0100, 0x00C0, 0x0020,
  0x0000, 0x0000, 0x0000, 0x0000, 0x0000, 0x0000, 0x0060, 0x0100, 0x0000, 0x0000, 0x0120, 0x00C0,
  0x00C0, 0x0020, 0x0040, 0x0140, 0x0140, 0x01A0, 0x0200, 0x0260, 0x0220, 0x0180, 0x0060, 0x0000,
  0x0000, 0x0000, 0x0020, 0x0100, 0x0100, 0x0100, 0x0120, 0x00E0, 0x0020, 0x0000, 0x0060, 0x0040,
  0x0000, 0x0000, 0x0000, 0x0020, 0x0000, 0x0020, 0x0060, 0x0100, 0x0020, 0x01E0, 0x0220, 0x0160,
  0x00C0, 0x0020, 0x0000, 0x01C0, 0x0100, 0x00C0, 0x0100, 0x00A0, 0x0000, 0x0040, 0x0100, 0x0060,
  0x0000, 0x0000, 0x0000, 0x0000, 0x0080, 0x00E0, 0x00E0, 0x0100, 0x0100, 0x0080, 0x00A0, 0x0120,
  0x0100, 0x0100, 0x0120, 0x00C0, 0x0040, 0x0000, 0x0000, 0x0000, 0x0000, 0x0000, 0x0000, 0x0000,
  0x0000, 0x0000, 0x0280, 0x0040, 0x0020, 0x0280, 0x0000, 0x0000, 0x0000, 0x0000, 0x0000, 0x0000,
  0x0000, 0x0000, 0x0000, 0x0000, 0x0000, 0x0000, 0x0000, 0x0000, 0x0000, 0x0000, 0x0000, 0x0000,
  0x0000, 0x0000, 0x0000, 0x0000, 0x0000, 0x0000, 0x0000, 0x0000, 0x0000, 0x0000, 0x0000, 0x0000,
  0x0000, 0x0000, 0x0000, 0x0000, 0x0000, 0x0000, 0x0000, 0x0000, 0x0000, 0x0000, 0x0000, 0x0000,
  0x0000, 0x0000, 0x0000, 0x0000, 0x0000, 0x0000, 0x0000, 0x0000, 0x0000, 0x0000, 0x0000, 0x0000,
  0x0000, 0x0000, 0x0000, 0x0000, 0x0000, 0x0000, 0x0000, 0x0000, 0x0000, 0x0000, 0x0020, 0x0060,
  0x0040, 0x0000, 0x0000, 0x0000, 0x0000, 0x0000, 0x0000, 0x0000, 0x0000, 0x0000, 0x0000, 0x0040,
  0x0000, 0x0060, 0x00E0, 0x0080, 0x0020, 0x00E0, 0x0280, 0x0280, 0x01C0, 0x0140, 0x00A0, 0x0040,
  0x0040, 0x0000, 0x0000, 0x0000, 0x0000, 0x0040, 0x0100, 0x0100, 0x0100, 0x0120, 0x00C0, 0x0000,
  0x0000, 0x0080, 0x0040, 0x0000, 0x0000, 0x0000, 0x0080, 0x0060, 0x0160, 0x01E0, 0x00E0, 0x0040,
  0x01C0, 0x0280, 0x00C0, 0x00A0, 0x00E0, 0x0220, 0x0180, 0x0000, 0x0060, 0x0100, 0x00E0, 0x0100,
  0x0000, 0x0060, 0x0120, 0x0020, 0x0000, 0x0000, 0x0000, 0x0000, 0x0020, 0x0080, 0x0100, 0x0120,
  0x0100, 0x0100, 0x00A0, 0x0080, 0x0120, 0x0140, 0x0120, 0x0120, 0x0140, 0x00E0, 0x0020, 0x0000,
  0x0000, 0x0000, 0x0000, 0x0000, 0x0000, 0x0000, 0x0280, 0x0040, 0x0020, 0x02A0, 0x0000, 0x0000,
  0x0000, 0x0000, 0x00C0, 0x0300, 0x0220, 0x0000, 0x0000, 0x0000, 0x0100, 0x0300, 0x0160, 0x0000,
  0x0200, 0x02C0, 0x0280, 0x0280, 0x0280, 0x0280, 0x0280, 0x0000, 0x0140, 0x02E0, 0x0280, 0x02A0,
  0x02C0, 0x02A0, 0x0280, 0x0260, 0x0000, 0x00A0, 0x02E0, 0x0200, 0x0000, 0x0040, 0x0280, 0x0260,
  0x0000, 0x0040, 0x02A0, 0x0260, 0x0020, 0x0000, 0x0000, 0x0220, 0x02C0, 0x0280, 0x0280, 0x0280,
  0x0020, 0x0000, 0x0060, 0x02A0, 0x0280, 0x0280, 0x02A0, 0x0280, 0x0260, 0x0280, 0x0080, 0x0000,
  0x0000, 0x0240, 0x0280, 0x0260, 0x0260, 0x0260, 0x0020, 0x0000, 0x0040, 0x0280, 0x0280, 0x0020,
  0x0000, 0x0000, 0x0220, 0x02A0, 0x00A0, 0x00A0, 0x0020, 0x0040, 0x0140, 0x01A0, 0x0140, 0x0040,
  0x0000, 0x0060, 0x0120, 0x01A0, 0x0040, 0x0000, 0x0000, 0x0000, 0x0060, 0x0120, 0x0120, 0x0120,
  0x0120, 0x00A0, 0x0000, 0x0020, 0x00A0, 0x0040, 0x0000, 0x0000, 0x00A0, 0x01E0, 0x02E0, 0x0160,
  0x0280, 0x0100, 0x0060, 0x0120, 0x0260, 0x0060, 0x01C0, 0x0260, 0x0180, 0x0040, 0x0280, 0x00C0,
  0x0020, 0x0120, 0x00C0, 0x0140, 0x0000, 0x00A0, 0x0140, 0x0020, 0x0000, 0x0000, 0x0020, 0x0000,
  0x0020, 0x0060, 0x0020, 0x00A0, 0x0120, 0x0120, 0x0120, 0x00C0, 0x0060, 0x00A0, 0x0100, 0x0140,
  0x0160, 0x0180, 0x0160, 0x00C0, 0x0040, 0x0000, 0x0000, 0x0000, 0x0000, 0x0000, 0x0280, 0x0040,
  0x0020, 0x02A0, 0x0000, 0x0000, 0x0000, 0x0000, 0x0160, 0x0560, 0x0CE0, 0x0220, 0x0000, 0x0000,
  0x01E0, 0x0DA0, 0x02A0, 0x0000, 0x03E0, 0x0D60, 0x0D40, 0x0D60, 0x0D60, 0x0D60, 0x0500, 0x0000,
  0x0260, 0x0DE0, 0x0D40, 0x0500, 0x0D00, 0x0D40, 0x0D60, 0x0500, 0x0020, 0x0140, 0x0D80, 0x03A0,
  0x0000, 0x0080, 0x0500, 0x0480, 0x0000, 0x0080, 0x0D00, 0x04A0, 0x0020, 0x0020, 0x02E0, 0x0D00,
  0x0540, 0x0560, 0x0540, 0x0500, 0x0300, 0x0020, 0x00A0, 0x0D60, 0x0560, 0x0520, 0x04E0, 0x0500,
  0x0540, 0x0560, 0x0120, 0x0000, 0x02E0, 0x0D00, 0x0D40, 0x0D60, 0x0540, 0x0520, 0x02C0, 0x0020,
  0x0080, 0x0500, 0x04A0, 0x0040, 0x0000, 0x0000, 0x0400, 0x0D00, 0x00C0, 0x0000, 0x00A0, 0x00E0,
  0x0100, 0x0040, 0x0020, 0x0120, 0x0260, 0x02C0, 0x0340, 0x0180, 0x0000, 0x0000, 0x0000, 0x0060,
  0x0140, 0x0120, 0x0120, 0x0120, 0x0080, 0x0000, 0x0040, 0x00A0, 0x0060, 0x0000, 0x0000, 0x0140,
  0x02C0, 0x02E0, 0x00C0, 0x0240, 0x0180, 0x0060, 0x0100, 0x1D00, 0x0A00, 0x0180, 0x0BA0, 0x0C40,
  0x1D20, 0x0A20, 0x0140, 0x0100, 0x0020, 0x00E0, 0x0100, 0x01C0, 0x0000, 0x00C0, 0x0100, 0x0000,
  0x0000, 0x0020, 0x0000, 0x0000, 0x0000, 0x0040, 0x0000, 0x0000, 0x0040, 0x0100, 0x0120, 0x0120,
  0x00C0, 0x0000, 0x0000, 0x0020, 0x0040, 0x0060, 0x00A0, 0x0120, 0x0140, 0x0100, 0x0060, 0x0020,
  0x0000, 0x0000, 0x02A0, 0x0040, 0x0020, 0x02A0, 0x0000, 0x0000, 0x0000, 0x0000, 0x0140, 0x0500,
  0x04A0, 0x0480, 0x0040, 0x0000, 0x01C0, 0x0D60, 0x0280, 0x0000, 0x0380, 0x0500, 0x0340, 0x02A0,
  0x02C0, 0x02A0, 0x0260, 0x0000, 0x0120, 0x02E0, 0x02A0, 0x0420, 0x04A0, 0x0360, 0x02A0, 0x02A0,
  0x0000, 0x0120, 0x0500, 0x0360, 0x0000, 0x0060, 0x0480, 0x0400, 0x0000, 0x0080, 0x04A0, 0x0420,
  0x0000, 0x0120, 0x0500, 0x0440, 0x02C0, 0x02A0, 0x02A0, 0x0400, 0x0520, 0x0180, 0x0020, 0x02C0,
  0x02A0, 0x03C0, 0x04C0, 0x03C0, 0x02A0, 0x0300, 0x0060, 0x0120, 0x0D40, 0x0420, 0x02A0, 0x02A0,
  0x0280, 0x0400, 0x0D20, 0x0140, 0x0020, 0x0460, 0x0440, 0x0060, 0x0000, 0x0000, 0x03A0, 0x04C0,
  0x0100, 0x0000, 0x0080, 0x0220, 0x0080, 0x0000, 0x00C0, 0x0300, 0x0300, 0x1400, 0x01E0, 0x0000,
  0x0000, 0x0000, 0x0060, 0x0120, 0x0120, 0x0120, 0x0120, 0x0040, 0x0000, 0x0060, 0x00A0, 0x0060,
  0x0000, 0x0020, 0x00A0, 0x0160, 0x0240, 0x0100, 0x0120, 0x1BC0, 0x0060, 0x00A0, 0x1CA0, 0x2560,
  0x0140, 0x02C0, 0x0300, 0x00E0, 0x02C0, 0x0B60, 0x0A40, 0x09E0, 0x0020, 0x0100, 0x00E0, 0x1320,
  0x0020, 0x00C0, 0x00C0, 0x0000, 0x0000, 0x0060, 0x0000, 0x0000, 0x0000, 0x0040, 0x0020, 0x0000,
  0x0000, 0x0000, 0x00A0, 0x0120, 0x0140, 0x00E0, 0x0000, 0x0000, 0x0000, 0x0000, 0x0000, 0x0000,
  0x0000, 0x0040, 0x0060, 0x0080, 0x0040, 0x0000, 0x02A0, 0x0040, 0x0020, 0x02A0, 0x0000, 0x0000,
  0x0000, 0x0000, 0x0160, 0x0500, 0x0480, 0x04E0, 0x0280, 0x0000, 0x01A0, 0x0D60, 0x02A0, 0x0000,
  0x0360, 0x0D20, 0x0100, 0x0000, 0x0000, 0x0000, 0x0000, 0x0000, 0x0000, 0x0000, 0x0000, 0x03A0,
  0x0D20, 0x0140, 0x0000, 0x0000, 0x0000, 0x0140, 0x0540, 0x0380, 0x0000, 0x0060, 0x0480, 0x0400,
  0x0000, 0x0060, 0x04A0, 0x0460, 0x0000, 0x0140, 0x0540, 0x03A0, 0x0000, 0x0000, 0x0000, 0x03E0,
  0x0500, 0x01A0, 0x0000, 0x0000, 0x0000, 0x0260, 0x0D80, 0x0280, 0x0000, 0x0000, 0x0000, 0x0140,
  0x0520, 0x0320, 0x0000, 0x0000, 0x0000, 0x0360, 0x0D40, 0x0120, 0x0020, 0x04A0, 0x0480, 0x0040,
  0x0000, 0x0000, 0x03A0, 0x04A0, 0x0100, 0x0040, 0x0000, 0x01C0, 0x0120, 0x0040, 0x0120, 0x1440,
  0x2D80, 0x1B80, 0x0020, 0x0000, 0x0000, 0x0060, 0x0120, 0x0100, 0x0120, 0x0100, 0x0000, 0x0000,
  0x0080, 0x0080, 0x0040, 0x0000, 0x0020, 0x00A0, 0x0060, 0x0120, 0x0200, 0x0060, 0x0160, 0x0160,
  0x0040, 0x1380, 0x2560, 0x2540, 0x0960, 0x02A0, 0x0C40, 0x0300, 0x03E0, 0x02E0, 0x1280, 0x0920,
  0x00A0, 0x00A0, 0x0A00, 0x24C0, 0x0000, 0x0100, 0x00A0, 0x0000, 0x0040, 0x0060, 0x0000, 0x0000,
  0x0000, 0x0000, 0x0060, 0x0000, 0x0000, 0x0000, 0x0000, 0x0040, 0x0100, 0x0140, 0x0100, 0x0020,
  0x0000, 0x0000, 0x0000, 0x0000, 0x0000, 0x0000, 0x0000, 0x0000, 0x0000, 0x0000, 0x02C0, 0x0040,
  0x0020, 0x02A0, 0x0000, 0x0000, 0x0000, 0x0000, 0x0140, 0x0500, 0x0460, 0x0460, 0x04E0, 0x00C0,
  0x0180, 0x0580, 0x02A0, 0x0000, 0x0360, 0x0D40, 0x01A0, 0x0060, 0x0060, 0x0040, 0x0000, 0x0000,
  0x0000, 0x0000, 0x0000, 0x03A0, 0x0520, 0x01A0, 0x0000, 0x0020, 0x0000, 0x0140, 0x0540, 0x0380,
  0x0000, 0x0060, 0x0480, 0x0420, 0x0000, 0x0080, 0x04A0, 0x0440, 0x0000, 0x0120, 0x0500, 0x03A0,
  0x0000, 0x0000, 0x0000, 0x03C0, 0x0540, 0x01C0, 0x0000, 0x0020, 0x0000, 0x0280, 0x0560, 0x0280,
  0x0000, 0x0020, 0x0000, 0x0140, 0x0540, 0x0360, 0x0000, 0x0000, 0x0000, 0x0060, 0x0080, 0x0020,
  0x0060, 0x0480, 0x0420, 0x00A0, 0x0040, 0x0060, 0x03E0, 0x04A0, 0x00C0, 0x0060, 0x0000, 0x0080,
  0x00C0, 0x0040, 0x09E0, 0x2E40, 0x1C00, 0x0000, 0x0000, 0x0000, 0x00A0, 0x0120, 0x0100, 0x0100,
  0x00C0, 0x0000, 0x0120, 0x0080, 0x00A0, 0x0040, 0x0000, 0x0020, 0x00A0, 0x00A0, 0x0080, 0x0060,
  0x00A0, 0x00A0, 0x0080, 0x0040, 0x1280, 0x2DE0, 0x2560, 0x25A0, 0x1B80, 0x00E0, 0x03C0, 0x0420,
  0x0340, 0x0980, 0x12C0, 0x0060, 0x00E0, 0x0080, 0x1C00, 0x1CA0, 0x0000, 0x00E0, 0x0040, 0x0000,
  0x00A0, 0x0000, 0x0060, 0x00A0, 0x0000, 0x0000, 0x0040, 0x0020, 0x0000, 0x0000, 0x0000, 0x0000,
  0x0000, 0x0080, 0x0120, 0x0120, 0x0040, 0x0000, 0x0000, 0x0000, 0x0000, 0x0000, 0x0000, 0x0000,
  0x0000, 0x0000, 0x02C0, 0x0040, 0x0020, 0x0280, 0x0000, 0x0000, 0x0000, 0x0000, 0x0140, 0x0520,
  0x0380, 0x0140, 0x04C0, 0x0300, 0x0180, 0x0D40, 0x0260, 0x0000, 0x0380, 0x04E0, 0x0440, 0x0480,
  0x0480, 0x0380, 0x0000, 0x0000, 0x0000, 0x0000, 0x0000, 0x03A0, 0x0520, 0x0160, 0x0000, 0x0000,
  0x0000, 0x0140, 0x0520, 0x0380, 0x0000, 0x0060, 0x0480, 0x0400, 0x0000, 0x0060, 0x04A0, 0x0460,
  0x0000, 0x0120, 0x0500, 0x03E0, 0x0100, 0x0100, 0x0120, 0x0420, 0x0500, 0x01A0, 0x0000, 0x0000,
  0x0000, 0x0260, 0x0540, 0x0280, 0x0000, 0x0000, 0x0000, 0x0140, 0x0520, 0x0340, 0x0000, 0x0000,
  0x0000, 0x0000, 0x0000, 0x0000, 0x0080, 0x0480, 0x0480, 0x0460, 0x0460, 0x0460, 0x0460, 0x04A0,
  0x00A0, 0x0040, 0x0020, 0x0000, 0x0080, 0x0080, 0x00C0, 0x1300, 0x0040, 0x0000, 0x0000, 0x00A0,
  0x0120, 0x0100, 0x0120, 0x00C0, 0x0000, 0x1200, 0x1340, 0x0040, 0x0060, 0x0000, 0x0040, 0x00A0,
  0x00A0, 0x0080, 0x0080, 0x0060, 0x00A0, 0x0060, 0x00A0, 0x0040, 0x0160, 0x12A0, 0x1BC0, 0x1CC0,
  0x2DE0, 0x1BE0, 0x09C0, 0x0A20, 0x0980, 0x12E0, 0x0120, 0x0060, 0x00A0, 0x0120, 0x2560, 0x1CA0,
  0x0020, 0x00C0, 0x0020, 0x0060, 0x0080, 0x00A0, 0x01C0, 0x01E0, 0x0020, 0x0000, 0x0040, 0x0060,
  0x0000, 0x0000, 0x0000, 0x0000, 0x0000, 0x0000, 0x0040, 0x0100, 0x0140, 0x0060, 0x0000, 0x0000,
  0x0000, 0x0000, 0x0000, 0x0000, 0x0000, 0x0000, 0x0280, 0x0040, 0x0020, 0x0280, 0x0000, 0x0000,
  0x0000, 0x0000, 0x0140, 0x0520, 0x03E0, 0x0000, 0x0380, 0x0460, 0x0320, 0x0500, 0x02A0, 0x0000,
  0x0380, 0x04E0, 0x04A0, 0x04A0, 0x04C0, 0x03C0, 0x0000, 0x0000, 0x0000, 0x0000, 0x0000, 0x03A0,
  0x0500, 0x0160, 0x0000, 0x0000, 0x0000, 0x0140, 0x0520, 0x0380, 0x0000, 0x0060, 0x0480, 0x0400,
  0x0000, 0x0060, 0x04A0, 0x0420, 0x0000, 0x0140, 0x0520, 0x0480, 0x04E0, 0x04E0, 0x0500, 0x0480,
  0x04E0, 0x01C0, 0x0000, 0x0000, 0x0000, 0x0280, 0x0560, 0x02A0, 0x0000, 0x0000, 0x0000, 0x0140,
  0x0520, 0x0340, 0x0000, 0x0000, 0x0000, 0x0000, 0x0000, 0x0000, 0x0060, 0x0480, 0x0480, 0x04A0,
  0x04A0, 0x04A0, 0x0480, 0x04C0, 0x00A0, 0x0000, 0x0040, 0x0000, 0x0040, 0x0080, 0x0040, 0x0000,
  0x0000, 0x0000, 0x00C0, 0x0120, 0x0100, 0x0120, 0x0080, 0x0000, 0x0980, 0x1360, 0x0080, 0x0040,
  0x0000, 0x0020, 0x0080, 0x0080, 0x0080, 0x00A0, 0x0080, 0x0080, 0x0060, 0x00A0, 0x0080, 0x0080,
  0x0060, 0x0040, 0x0060, 0x0100, 0x0A60, 0x0A80, 0x0A60, 0x1320, 0x0A80, 0x0180, 0x0140, 0x00A0,
  0x00A0, 0x09E0, 0x2DC0, 0x1C40, 0x0040, 0x00E0, 0x0060, 0x0080, 0x0080, 0x02A0, 0x12E0, 0x0A60,
  0x00C0, 0x0000, 0x0060, 0x0020, 0x0060, 0x0000, 0x0000, 0x0000, 0x0000, 0x0000, 0x0000, 0x0000,
  0x00C0, 0x0140, 0x0080, 0x0000, 0x0000, 0x0000, 0x0000, 0x0000, 0x0000, 0x0000, 0x0280, 0x0040,
  0x0020, 0x0280, 0x0000, 0x0000, 0x0000, 0x0000, 0x0140, 0x0540, 0x03E0, 0x0000, 0x0100, 0x04A0,
  0x04A0, 0x04E0, 0x02A0, 0x0000, 0x0360, 0x0D40, 0x01E0, 0x00A0, 0x00C0, 0x0080, 0x0000, 0x0000,
  0x0000, 0x0000, 0x0000, 0x03A0, 0x0520, 0x0180, 0x0000, 0x0000, 0x0000, 0x0140, 0x0520, 0x03A0,
  0x0000, 0x0280, 0x0440, 0x0460, 0x01C0, 0x0080, 0x04C0, 0x0420, 0x0000, 0x0140, 0x0D00, 0x0480,
  0x0400, 0x0400, 0x0400, 0x0480, 0x0500, 0x01C0, 0x0000, 0x0000, 0x0000, 0x0280, 0x0560, 0x0280,
  0x0000, 0x0000, 0x0000, 0x0140, 0x0520, 0x0320, 0x0000, 0x0000, 0x0000, 0x0020, 0x0040, 0x0000,
  0x0060, 0x0480, 0x0460, 0x0100, 0x0080, 0x00A0, 0x03C0, 0x04A0, 0x00A0, 0x0000, 0x0020, 0x0000,
  0x0000, 0x0040, 0x0020, 0x0000, 0x0020, 0x00E0, 0x0120, 0x0100, 0x0120, 0x0060, 0x0040, 0x09C0,
  0x0980, 0x00A0, 0x0040, 0x0000, 0x0060, 0x0080, 0x00A0, 0x00E0, 0x00A0, 0x0080, 0x0080, 0x0080,
  0x0060, 0x0080, 0x0040, 0x0080, 0x00A0, 0x00A0, 0x0080, 0x0040, 0x0040, 0x0060, 0x0040, 0x0180,
  0x01A0, 0x0180, 0x0120, 0x0080, 0x0080, 0x1340, 0x25C0, 0x1C40, 0x0040, 0x00C0, 0x0020, 0x0080,
  0x0AC0, 0x1B80, 0x1BC0, 0x2560, 0x0960, 0x0000, 0x0060, 0x0000, 0x0020, 0x0000, 0x0000, 0x0000,
  0x0000, 0x0000, 0x0000, 0x0000, 0x0000, 0x0060, 0x0140, 0x00A0, 0x0000, 0x0000, 0x0000, 0x0000,
  0x0000, 0x0000, 0x0280, 0x0040, 0x0020, 0x0280, 0x0000, 0x0000, 0x0000, 0x0000, 0x0140, 0x0520,
  0x03E0, 0x0000, 0x0000, 0x0200, 0x04A0, 0x04C0, 0x02A0, 0x0000, 0x0360, 0x0500, 0x00E0, 0x0000,
  0x0000, 0x0000, 0x0000, 0x0000, 0x0000, 0x0000, 0x0000, 0x03A0, 0x0500, 0x0160, 0x0000, 0x0000,
  0x0000, 0x0160, 0x04E0, 0x0460, 0x00C0, 0x0320, 0x0280, 0x0380, 0x0260, 0x0240, 0x0500, 0x0440,
  0x0000, 0x0140, 0x0D00, 0x03A0, 0x0020, 0x0020, 0x0020, 0x03C0, 0x04E0, 0x01A0, 0x0000, 0x0000,
  0x0000, 0x0260, 0x0540, 0x0280, 0x0000, 0x0000, 0x0000, 0x0140, 0x0500, 0x0340, 0x0000, 0x0000,
  0x0000, 0x0320, 0x04A0, 0x0100, 0x0040, 0x0480, 0x0440, 0x0020, 0x0000, 0x0000, 0x0380, 0x04C0,
  0x00C0, 0x0000, 0x0000, 0x0100, 0x0060, 0x0000, 0x0000, 0x0020, 0x00E0, 0x0100, 0x0100, 0x0100,
  0x0040, 0x0000, 0x00C0, 0x00A0, 0x0060, 0x0060, 0x0000, 0x0040, 0x0080, 0x0180, 0x0220, 0x0260,
  0x0240, 0x0140, 0x0080, 0x0060, 0x0080, 0x0060, 0x0080, 0x0060, 0x0060, 0x0060, 0x0080, 0x00A0,
  0x00A0, 0x0080, 0x0080, 0x0200, 0x0180, 0x01E0, 0x0A00, 0x0080, 0x00C0, 0x1C40, 0x2580, 0x13A0,
  0x0020, 0x0080, 0x0060, 0x02A0, 0x1BC0, 0x00C0, 0x1340, 0x2E20, 0x0980, 0x0000, 0x0060, 0x0000,
  0x0000, 0x0000, 0x0000, 0x0000, 0x0000, 0x0000, 0x0000, 0x0000, 0x0000, 0x0000, 0x0000, 0x00E0,
  0x00E0, 0x0000, 0x0000, 0x0000, 0x0000, 0x0000, 0x0280, 0x0040, 0x0020, 0x02A0, 0x0000, 0x0000,
  0x0000, 0x0000, 0x0140, 0x0500, 0x03E0, 0x0000, 0x0000, 0x0000, 0x03E0, 0x0500, 0x0280, 0x0000,
  0x0360, 0x04E0, 0x02E0, 0x01E0, 0x01E0, 0x0200, 0x01C0, 0x0020, 0x0000, 0x0000, 0x0000, 0x0360,
  0x0500, 0x0160, 0x0000, 0x0000, 0x0000, 0x0080, 0x03C0, 0x04C0, 0x02A0, 0x0380, 0x0100, 0x01C0,
  0x0360, 0x0360, 0x04E0, 0x02C0, 0x0000, 0x0120, 0x0500, 0x0360, 0x0000, 0x0000, 0x0000, 0x03C0,
  0x0500, 0x01C0, 0x0000, 0x0000, 0x0000, 0x0260, 0x0540, 0x0280, 0x0000, 0x0000, 0x0000, 0x0160,
  0x0520, 0x03A0, 0x01E0, 0x0200, 0x0200, 0x03E0, 0x04E0, 0x0120, 0x0040, 0x04A0, 0x0440, 0x0060,
  0x0000, 0x0000, 0x03A0, 0x04E0, 0x00A0, 0x0000, 0x00A0, 0x0100, 0x00C0, 0x0000, 0x0040, 0x0100,
  0x0100, 0x0100, 0x0100, 0x0020, 0x0020, 0x00A0, 0x0060, 0x0080, 0x0040, 0x0000, 0x0060, 0x0060,
  0x0120, 0x0220, 0x0240, 0x0280, 0x0260, 0x0240, 0x0180, 0x0060, 0x0040, 0x0060, 0x0080, 0x0080,
  0x0080, 0x0080, 0x0040, 0x0060, 0x0080, 0x0080, 0x00A0, 0x01E0, 0x0AE0, 0x1D40, 0x1360, 0x0060,
  0x0180, 0x1CE0, 0x2560, 0x1320, 0x0060, 0x00A0, 0x01E0, 0x1BC0, 0x00E0, 0x00E0, 0x12E0, 0x2DC0,
  0x09C0, 0x0000, 0x0060, 0x0000, 0x0000, 0x0000, 0x0000, 0x0000, 0x0000, 0x0000, 0x0000, 0x0000,
  0x0000, 0x0000, 0x0000, 0x0000, 0x00A0, 0x00E0, 0x0000, 0x0000, 0x0000, 0x0000, 0x0280, 0x0040,
  0x0020, 0x0280, 0x0000, 0x0000, 0x0000, 0x0000, 0x0160, 0x0560, 0x0420, 0x0000, 0x0000, 0x0000,
  0x0200, 0x0580, 0x02C0, 0x0000, 0x03C0, 0x0520, 0x0500, 0x0520, 0x0500, 0x0500, 0x04A0, 0x0060,
  0x0000, 0x0000, 0x0000, 0x03C0, 0x0560, 0x01A0, 0x0000, 0x0000, 0x0000, 0x0000, 0x00C0, 0x0460,
  0x0520, 0x03A0, 0x0000, 0x0020, 0x0440, 0x0500, 0x0400, 0x0040, 0x0000, 0x0160, 0x0540, 0x03E0,
  0x0000, 0x0000, 0x0000, 0x0400, 0x0540, 0x01E0, 0x0000, 0x0000, 0x0000, 0x02A0, 0x05A0, 0x02E0,
  0x0000, 0x0000, 0x0000, 0x0040, 0x0340, 0x0500, 0x0520, 0x0520, 0x0500, 0x04E0, 0x0320, 0x0040,
  0x0080, 0x04C0, 0x0480, 0x0060, 0x0000, 0x0000, 0x03E0, 0x0500, 0x00C0, 0x0000, 0x00C0, 0x0000,
  0x0000, 0x0060, 0x0120, 0x0120, 0x0120, 0x0100, 0x0020, 0x0040, 0x00A0, 0x0080, 0x00A0, 0x0020,
  0x0040, 0x0080, 0x0080, 0x0080, 0x0220, 0x01E0, 0x0220, 0x0260, 0x0240, 0x0280, 0x0180, 0x0040,
  0x0100, 0x0120, 0x00C0, 0x0080, 0x00E0, 0x01A0, 0x0080, 0x0060, 0x0040, 0x0080, 0x0220, 0x1C80,
  0x2540, 0x2560, 0x0A20, 0x0040, 0x0A60, 0x2580, 0x2580, 0x12E0, 0x0040, 0x00E0, 0x13C0, 0x0A20,
  0x0AE0, 0x0A80, 0x01C0, 0x2540, 0x0980, 0x0080, 0x0040, 0x0000, 0x0000, 0x0000, 0x0000, 0x0000,
  0x0000, 0x0000, 0x0000, 0x0000, 0x0000, 0x0000, 0x0000, 0x0000, 0x0000, 0x0060, 0x00C0, 0x0000,
  0x0000, 0x0000, 0x0280, 0x0040, 0x0020, 0x02A0, 0x0000, 0x0000, 0x0000, 0x0000, 0x00C0, 0x0360,
  0x02A0, 0x0000, 0x0000, 0x0000, 0x0100, 0x0360, 0x01A0, 0x0000, 0x0240, 0x0320, 0x02E0, 0x02C0,
  0x02C0, 0x02C0, 0x0280, 0x0020, 0x0000, 0x0000, 0x0000, 0x0260, 0x0360, 0x00E0, 0x0000, 0x0000,
  0x0000, 0x0000, 0x0000, 0x0180, 0x0320, 0x00A0, 0x0000, 0x0000, 0x0100, 0x0340, 0x0140, 0x0000,
  0x0000, 0x00E0, 0x0340, 0x0240, 0x0000, 0x0000, 0x0000, 0x0260, 0x0360, 0x0100, 0x0000, 0x0000,
  0x0000, 0x01A0, 0x0380, 0x01A0, 0x0000, 0x0000, 0x0000, 0x0000, 0x0020, 0x02A0, 0x02E0, 0x02E0,
  0x02E0, 0x02A0, 0x0020, 0x0000, 0x0060, 0x02E0, 0x02E0, 0x0040, 0x0000, 0x0000, 0x0260, 0x0340,
  0x0060, 0x0000, 0x0040, 0x0000, 0x0060, 0x0120, 0x0100, 0x0140, 0x00C0, 0x0000, 0x0020, 0x0060,
  0x0040, 0x00A0, 0x00A0, 0x0060, 0x0220, 0x01E0, 0x0080, 0x0100, 0x0260, 0x0140, 0x0240, 0x0260,
  0x0260, 0x0220, 0x0060, 0x01A0, 0x1C80, 0x2540, 0x0B20, 0x01A0, 0x1BE0, 0x1380, 0x0B00, 0x0A60,
  0x01A0, 0x01C0, 0x13C0, 0x2580, 0x1D00, 0x2560, 0x0160, 0x0060, 0x13C0, 0x2560, 0x2560, 0x0A00,
  0x0000, 0x0A20, 0x1C40, 0x1340, 0x2480, 0x2560, 0x12A0, 0x1BE0, 0x00C0, 0x00A0, 0x0020, 0x0000,
  0x0000, 0x0000, 0x0000, 0x0000, 0x0000, 0x0000, 0x0000, 0x0000, 0x0000, 0x0000, 0x0000, 0x0000,
  0x0000, 0x0000, 0x0020, 0x0080, 0x0020, 0x0000, 0x0280, 0x0040, 0x0020, 0x0280, 0x0000, 0x0000,
  0x0000, 0x0000, 0x0000, 0x0000, 0x0000, 0x0000, 0x0000, 0x0000, 0x0000, 0x0000, 0x0000, 0x0000,
  0x0000, 0x0000, 0x0000, 0x0000, 0x0000, 0x0000, 0x0000, 0x0000, 0x0000, 0x0000, 0x0000, 0x0000,
  0x0000, 0x0000, 0x0000, 0x0000, 0x0000, 0x0000, 0x0000, 0x0000, 0x0000, 0x0000, 0x0000, 0x0000,
  0x0000, 0x0000, 0x0000, 0x0000, 0x0000, 0x0000, 0x0000, 0x0000, 0x0000, 0x0000, 0x0000, 0x0000,
  0x0000, 0x0000, 0x0000, 0x0000, 0x0000, 0x0000, 0x0000, 0x0000, 0x0000, 0x0000, 0x0000, 0x0000,
  0x0000, 0x0000, 0x0000, 0x0000, 0x0000, 0x0000, 0x0000, 0x0000, 0x0000, 0x0000, 0x0000, 0x0000,
  0x0000, 0x0000, 0x0000, 0x0000, 0x0000, 0x0000, 0x0000, 0x0080, 0x0140, 0x0100, 0x0120, 0x0060,
  0x0080, 0x02E0, 0x0280, 0x0140, 0x01C0, 0x0060, 0x0980, 0x1420, 0x0B40, 0x0200, 0x0180, 0x01E0,
  0x0200, 0x0160, 0x0260, 0x0220, 0x0260, 0x0080, 0x0100, 0x1C80, 0x2540, 0x2500, 0x24C0, 0x1320,
  0x2D80, 0x2560, 0x2540, 0x2540, 0x2540, 0x1C40, 0x0AC0, 0x2520, 0x2560, 0x1CE0, 0x00A0, 0x00A0,
  0x1CA0, 0x2520, 0x2560, 0x09A0, 0x0040, 0x1300, 0x1BE0, 0x12C0, 0x0100, 0x24A0, 0x1C20, 0x1380,
  0x0020, 0x0080, 0x0000, 0x0000, 0x0000, 0x0000, 0x0000, 0x0000, 0x0000, 0x0000, 0x0000, 0x0000,
  0x0000, 0x0000, 0x0000, 0x0000, 0x0000, 0x0000, 0x0000, 0x0000, 0x0060, 0x0020, 0x0280, 0x0040,
  0x0020, 0x0280, 0x0000, 0x0000, 0x0000, 0x0000, 0x0000, 0x0000, 0x0000, 0x0000, 0x0000, 0x0000,
  0x0000, 0x0000, 0x0000, 0x0000, 0x0000, 0x0000, 0x0000, 0x0000, 0x0000, 0x0000, 0x0000, 0x0000,
  0x0000, 0x0000, 0x0000, 0x0000, 0x0000, 0x0000, 0x0000, 0x0000, 0x0000, 0x0000, 0x0000, 0x0000,
  0x0000, 0x0000, 0x0000, 0x0000, 0x0000, 0x0000, 0x0000, 0x0000, 0x0000, 0x0000, 0x0000, 0x0000,
  0x0000, 0x0000, 0x0000, 0x0000, 0x0000, 0x0000, 0x0000, 0x0000, 0x0000, 0x0000, 0x0000, 0x0000,
  0x0000, 0x0000, 0x0000, 0x0000, 0x0000, 0x0000, 0x0000, 0x0000, 0x0000, 0x0000, 0x0000, 0x0000,
  0x0000, 0x0000, 0x0000, 0x0000, 0x0000, 0x0000, 0x0000, 0x0000, 0x0000, 0x0000, 0x00C0, 0x0120,
  0x0100, 0x0140, 0x0080, 0x00E0, 0x0360, 0x0400, 0x0300, 0x0280, 0x01A0, 0x0A40, 0x2E00, 0x2580,
  0x2500, 0x0B20, 0x0220, 0x0240, 0x0220, 0x01A0, 0x0220, 0x0240, 0x0140, 0x0080, 0x1400, 0x2D80,
  0x2520, 0x2520, 0x2520, 0x2520, 0x2520, 0x2540, 0x2520, 0x2520, 0x2500, 0x2520, 0x2500, 0x2500,
  0x2540, 0x1C60, 0x0040, 0x0140, 0x2540, 0x2500, 0x2580, 0x09A0, 0x0060, 0x1320, 0x0140, 0x0120,
  0x0120, 0x1360, 0x1C40, 0x1320, 0x0000, 0x0020, 0x0000, 0x0000, 0x0000, 0x0000, 0x0000, 0x0000,
  0x0000, 0x0000, 0x0000, 0x0000, 0x0000, 0x0000, 0x0000, 0x0000, 0x0000, 0x0000, 0x0000, 0x0000,
  0x0000, 0x0000, 0x0280, 0x0040, 0x0020, 0x0260, 0x0000, 0x0000, 0x0000, 0x0000, 0x0000, 0x0000,
  0x0000, 0x0000, 0x0000, 0x0000, 0x0000, 0x0000, 0x0000, 0x0000, 0x0000, 0x0000, 0x0000, 0x0000,
  0x0000, 0x0000, 0x0000, 0x0000, 0x0000, 0x0000, 0x0000, 0x0000, 0x0000, 0x0000, 0x0000, 0x0000,
  0x0000, 0x0000, 0x0000, 0x0000, 0x0000, 0x0000, 0x0000, 0x0000, 0x0000, 0x0000, 0x0000, 0x0000,
  0x0000, 0x0000, 0x0000, 0x0000, 0x0000, 0x0000, 0x0000, 0x0000, 0x0000, 0x0000, 0x0000, 0x0000,
  0x0000, 0x0000, 0x0000, 0x0000, 0x0000, 0x0000, 0x0000, 0x0000, 0x0000, 0x0000, 0x0000, 0x0000,
  0x0000, 0x0000, 0x0000, 0x0000, 0x0000, 0x0000, 0x0000, 0x0000, 0x0000, 0x0000, 0x0000, 0x0000,
  0x0000, 0x00E0, 0x0140, 0x0120, 0x0120, 0x0040, 0x0140, 0x03C0, 0x0320, 0x0260, 0x0200, 0x00E0,
  0x00C0, 0x0260, 0x0AC0, 0x1C60, 0x2540, 0x2520, 0x0B20, 0x0200, 0x01E0, 0x01C0, 0x0240, 0x01C0,
  0x0060, 0x0260, 0x2520, 0x2500, 0x2520, 0x2520, 0x2500, 0x2520, 0x2540, 0x2520, 0x2540, 0x2540,
  0x2520, 0x2520, 0x2520, 0x2500, 0x2560, 0x1C00, 0x0020, 0x12C0, 0x2580, 0x2500, 0x2580, 0x09A0,
  0x00A0, 0x0980, 0x0120, 0x0180, 0x0140, 0x1300, 0x1CA0, 0x0100, 0x0000, 0x0000, 0x0000, 0x0000,
  0x0000, 0x0000, 0x0000, 0x0000, 0x0000, 0x0000, 0x0000, 0x0000, 0x0000, 0x0000, 0x0000, 0x0000,
  0x0000, 0x0000, 0x0000, 0x0000, 0x0000, 0x0000, 0x0280, 0x0040, 0x0020, 0x0260, 0x0000, 0x0000,
  0x0000, 0x0000, 0x0000, 0x0000, 0x0000, 0x0000, 0x0020, 0x0040, 0x0000, 0x0040, 0x0060, 0x0020,
  0x0020, 0x0020, 0x0000, 0x0000, 0x0000, 0x0000, 0x0000, 0x0000, 0x0000, 0x0000, 0x0000, 0x0000,
  0x0040, 0x0060, 0x0000, 0x0000, 0x0000, 0x0000, 0x0000, 0x0020, 0x0060, 0x0040, 0x0000, 0x0000,
  0x0000, 0x0000, 0x0020, 0x0060, 0x0000, 0x0000, 0x0020, 0x0040, 0x0000, 0x0020, 0x0060, 0x0000,
  0x0000, 0x0000, 0x0060, 0x0000, 0x0000, 0x0060, 0x0020, 0x0000, 0x0000, 0x0000, 0x0000, 0x0000,
  0x0000, 0x0000, 0x0000, 0x0000, 0x0000, 0x0000, 0x0000, 0x0000, 0x0000, 0x0000, 0x0000, 0x0000,
  0x0000, 0x0000, 0x0000, 0x0020, 0x00E0, 0x0140, 0x0120, 0x0140, 0x0060, 0x0100, 0x0360, 0x02C0,
  0x01A0, 0x01A0, 0x0100, 0x0100, 0x0180, 0x0100, 0x0140, 0x1C80, 0x2540, 0x1D00, 0x2520, 0x0B00,
  0x0160, 0x01C0, 0x0220, 0x00E0, 0x0140, 0x0220, 0x2500, 0x2540, 0x2520, 0x2520, 0x2520, 0x2520,
  0x2520, 0x2520, 0x2540, 0x2540, 0x2540, 0x2520, 0x2500, 0x2560, 0x2580, 0x1320, 0x0040, 0x13A0,
  0x2580, 0x1D00, 0x2580, 0x09A0, 0x00C0, 0x0180, 0x0140, 0x00E0, 0x12C0, 0x1CC0, 0x13A0, 0x0000,
  0x0000, 0x0000, 0x0000, 0x0000, 0x0000, 0x0000, 0x0000, 0x0000, 0x0000, 0x0000, 0x0000, 0x0000,
  0x0000, 0x0000, 0x0000, 0x0000, 0x0000, 0x0000, 0x0000, 0x0000, 0x0000, 0x0000, 0x0280, 0x0040,
  0x0020, 0x0260, 0x0000, 0x0000, 0x0000, 0x0000, 0x0160, 0x0180, 0x0000, 0x01A0, 0x01A0, 0x0200,
  0x01C0, 0x0320, 0x0260, 0x0140, 0x0240, 0x0160, 0x0000, 0x0000, 0x0000, 0x0000, 0x0000, 0x0000,
  0x0000, 0x0000, 0x0000, 0x00C0, 0x0360, 0x02A0, 0x0100, 0x0200, 0x00A0, 0x0000, 0x0080, 0x0340,
  0x0240, 0x0220, 0x0000, 0x0000, 0x0000, 0x0080, 0x0380, 0x02C0, 0x0180, 0x0080, 0x02C0, 0x02C0,
  0x0080, 0x02C0, 0x02E0, 0x0220, 0x0060, 0x0220, 0x0300, 0x00C0, 0x0220, 0x0300, 0x0280, 0x0080,
  0x0000, 0x0000, 0x0000, 0x0000, 0x0000, 0x0000, 0x0000, 0x0000, 0x0000, 0x0000, 0x0000, 0x0000,
  0x0000, 0x0000, 0x0000, 0x0000, 0x0000, 0x0000, 0x0020, 0x0100, 0x0120, 0x0100, 0x0120, 0x0060,
  0x0000, 0x01C0, 0x0220, 0x0180, 0x0180, 0x00E0, 0x0120, 0x0180, 0x0140, 0x0A40, 0x1CA0, 0x2540,
  0x2520, 0x2520, 0x2580, 0x1380, 0x0120, 0x0140, 0x00C0, 0x00E0, 0x0180, 0x0100, 0x13A0, 0x2580,
  0x2520, 0x2540, 0x2540, 0x2540, 0x2520, 0x2520, 0x2520, 0x2540, 0x2540, 0x2520, 0x2560, 0x1340,
  0x24C0, 0x12C0, 0x0060, 0x1C80, 0x2540, 0x2540, 0x1CE0, 0x00C0, 0x09C0, 0x1BE0, 0x0100, 0x0140,
  0x1360, 0x1C60, 0x09C0, 0x0000, 0x0000, 0x0000, 0x0000, 0x0000, 0x0000, 0x0000, 0x0000, 0x0000,
  0x0000, 0x0000, 0x0000, 0x0000, 0x0000, 0x0000, 0x0000, 0x0000, 0x0000, 0x0000, 0x0000, 0x0000,
  0x0000, 0x0000, 0x0280, 0x0040, 0x0020, 0x0280, 0x0000, 0x0000, 0x0000, 0x0000, 0x0180, 0x0180,
  0x0040, 0x0200, 0x0180, 0x0240, 0x0220, 0x0200, 0x0100, 0x0060, 0x0240, 0x01C0, 0x0000, 0x0000,
  0x0000, 0x0000, 0x01E0, 0x00C0, 0x0000, 0x0000, 0x0000, 0x00E0, 0x02A0, 0x0100, 0x01E0, 0x0220,
  0x00A0, 0x0000, 0x00A0, 0x02C0, 0x0100, 0x0040, 0x0000, 0x0000, 0x0000, 0x00C0, 0x0240, 0x0000,
  0x0240, 0x0220, 0x0100, 0x0080, 0x0260, 0x0220, 0x0000, 0x01A0, 0x0220, 0x01C0, 0x0000, 0x0240,
  0x0240, 0x0020, 0x0120, 0x01C0, 0x0000, 0x0000, 0x0000, 0x0000, 0x0000, 0x0000, 0x0000, 0x0000,
  0x0000, 0x0000, 0x0000, 0x0000, 0x0000, 0x0000, 0x0000, 0x0000, 0x0000, 0x0020, 0x0100, 0x0100,
  0x0120, 0x0100, 0x0040, 0x0020, 0x0020, 0x0100, 0x01A0, 0x0180, 0x0100, 0x0120, 0x0180, 0x0160,
  0x01A0, 0x2500, 0x2560, 0x2520, 0x2540, 0x2540, 0x2580, 0x13A0, 0x12E0, 0x1BE0, 0x0AA0, 0x1C40,
  0x2500, 0x1320, 0x13A0, 0x2580, 0x2520, 0x2520, 0x2520, 0x2540, 0x2540, 0x2540, 0x2520, 0x2520,
  0x2520, 0x2540, 0x2540, 0x13E0, 0x2500, 0x0140, 0x00E0, 0x2560, 0x1D00, 0x2580, 0x1BC0, 0x0000,
  0x0A00, 0x09E0, 0x0160, 0x0180, 0x1B80, 0x1BE0, 0x0020, 0x0000, 0x0000, 0x0000, 0x0000, 0x0000,
  0x0000, 0x0000, 0x0000, 0x0000, 0x0000, 0x0000, 0x0000, 0x0000, 0x0000, 0x0000, 0x0000, 0x0000,
  0x0000, 0x0000, 0x0000, 0x0000, 0x0000, 0x0000, 0x0280, 0x0040, 0x0020, 0x02A0, 0x0000, 0x0000,
  0x0000, 0x0000, 0x01A0, 0x01C0, 0x0220, 0x0240, 0x00A0, 0x0160, 0x0260, 0x02A0, 0x0220, 0x00A0,
  0x00C0, 0x0240, 0x0000, 0x0000, 0x0000, 0x0020, 0x03A0, 0x0180, 0x0000, 0x0000, 0x0000, 0x00E0,
  0x0320, 0x01E0, 0x0180, 0x0220, 0x0060, 0x0000, 0x0060, 0x0320, 0x01E0, 0x0040, 0x0000, 0x0000,
  0x0000, 0x0080, 0x03C0, 0x0380, 0x00A0, 0x01A0, 0x0360, 0x0300, 0x0220, 0x0240, 0x0000, 0x01C0,
  0x0200, 0x0340, 0x02E0, 0x0280, 0x0220, 0x03C0, 0x0220, 0x0020, 0x0000, 0x0000, 0x0000, 0x0000,
  0x0000, 0x0000, 0x0000, 0x0000, 0x0000, 0x0000, 0x0000, 0x0000, 0x0000, 0x0000, 0x0000, 0x0000,
  0x0020, 0x0100, 0x0120, 0x0140, 0x0100, 0x0020, 0x0000, 0x00C0, 0x0060, 0x0080, 0x01A0, 0x0160,
  0x0180, 0x01A0, 0x0180, 0x0140, 0x0A20, 0x2520, 0x2520, 0x2540, 0x2540, 0x2520, 0x2560, 0x1300,
  0x0120, 0x2440, 0x2D80, 0x1340, 0x1320, 0x2440, 0x2D40, 0x2520, 0x2540, 0x2520, 0x2520, 0x2540,
  0x2540, 0x2540, 0x2540, 0x2520, 0x2520, 0x2520, 0x2520, 0x2560, 0x2500, 0x0080, 0x1260, 0x2580,
  0x2500, 0x2560, 0x1BC0, 0x0000, 0x00A0, 0x01A0, 0x0140, 0x0180, 0x24E0, 0x09A0, 0x0000, 0x0000,
  0x0000, 0x0000, 0x0000, 0x0000, 0x0000, 0x0000, 0x0000, 0x0000, 0x0000, 0x0000, 0x0000, 0x0000,
  0x0000, 0x0000, 0x0000, 0x0000, 0x0000, 0x0000, 0x0000, 0x0000, 0x0000, 0x0000, 0x0280, 0x0040,
  0x0020, 0x0280, 0x0000, 0x0000, 0x0000, 0x0000, 0x0080, 0x02C0, 0x0320, 0x0240, 0x00A0, 0x02E0,
  0x0280, 0x0100, 0x0000, 0x0000, 0x0220, 0x0240, 0x0000, 0x0000, 0x0000, 0x0000, 0x0000, 0x0000,
  0x0000, 0x0000, 0x0000, 0x00E0, 0x0340, 0x01A0, 0x01A0, 0x0280, 0x02A0, 0x01E0, 0x0140, 0x02E0,
  0x0180, 0x0180, 0x0000, 0x0000, 0x0000, 0x00E0, 0x0260, 0x0140, 0x0140, 0x01A0, 0x0160, 0x00C0,
  0x0260, 0x02C0, 0x0220, 0x0240, 0x01A0, 0x0220, 0x0040, 0x0260, 0x0240, 0x0140, 0x0200, 0x0080,
  0x0000, 0x0000, 0x0000, 0x0000, 0x0000, 0x0000, 0x0000, 0x0000, 0x0000, 0x0000, 0x0000, 0x0000,
  0x0000, 0x0000, 0x0000, 0x0020, 0x0120, 0x0140, 0x0120, 0x00C0, 0x0020, 0x0000, 0x0000, 0x00A0,
  0x0000, 0x0060, 0x0200, 0x01C0, 0x0180, 0x0180, 0x01A0, 0x01A0, 0x0140, 0x13A0, 0x2D60, 0x2520,
  0x2540, 0x2540, 0x2540, 0x24E0, 0x1C00, 0x1300, 0x24A0, 0x0A40, 0x1C20, 0x1BE0, 0x2500, 0x2D40,
  0x2D40, 0x2D40, 0x2D60, 0x2D60, 0x2D60, 0x2540, 0x2540, 0x2540, 0x2540, 0x2540, 0x2540, 0x2560,
  0x2460, 0x0040, 0x1BE0, 0x2580, 0x2500, 0x2580, 0x1C00, 0x0000, 0x0120, 0x0160, 0x00C0, 0x0A60,
  0x2480, 0x0000, 0x0000, 0x0000, 0x0000, 0x0000, 0x0000, 0x0000, 0x0000, 0x0000, 0x0000, 0x0000,
  0x0000, 0x0000, 0x0000, 0x0000, 0x0000, 0x0000, 0x0000, 0x0000, 0x0000, 0x0000, 0x0000, 0x0000,
  0x0000, 0x0000, 0x0280, 0x0040, 0x0020, 0x02A0, 0x0000, 0x0000, 0x0000, 0x0000, 0x0000, 0x0060,
  0x0040, 0x0060, 0x0020, 0x0120, 0x0060, 0x0040, 0x0000, 0x0000, 0x0100, 0x0080, 0x0000, 0x0000,
  0x0000, 0x0000, 0x0000, 0x0000, 0x0000, 0x0000, 0x0000, 0x0020, 0x0140, 0x0160, 0x0000, 0x0080,
  0x0160, 0x0140, 0x0060, 0x0100, 0x0160, 0x0120, 0x0000, 0x0000, 0x0000, 0x0020, 0x0080, 0x0000,
  0x0080, 0x0060, 0x0020, 0x0000, 0x0060, 0x00C0, 0x0180, 0x0060, 0x0000, 0x0060, 0x0000, 0x0060,
  0x0080, 0x0000, 0x0020, 0x0060, 0x0000, 0x0000, 0x0000, 0x0000, 0x0000, 0x0000, 0x0000, 0x0000,
  0x0000, 0x0000, 0x0000, 0x0000, 0x0000, 0x0000, 0x0020, 0x0100, 0x0120, 0x0140, 0x00A0, 0x0000,
  0x0000, 0x0000, 0x0060, 0x0060, 0x0020, 0x0020, 0x00A0, 0x0100, 0x01A0, 0x0180, 0x01A0, 0x0160,
  0x0A60, 0x2520, 0x2540, 0x2520, 0x2540, 0x2540, 0x2540, 0x2540, 0x2560, 0x2540, 0x2520, 0x2DA0,
  0x2D60, 0x2560, 0x2D40, 0x2540, 0x2540, 0x2560, 0x2D60, 0x2D40, 0x2540, 0x2540, 0x2540, 0x2540,
  0x2540, 0x2540, 0x2520, 0x2DA0, 0x1BA0, 0x0060, 0x24E0, 0x2540, 0x2500, 0x2560, 0x1C00, 0x0020,
  0x0100, 0x0140, 0x0B20, 0x2500, 0x0940, 0x0000, 0x0000, 0x0000, 0x0000, 0x0000, 0x0000, 0x0000,
  0x0000, 0x0000, 0x0000, 0x0000, 0x0000, 0x0000, 0x0000, 0x0000, 0x0000, 0x0000, 0x0000, 0x0000,
  0x0000, 0x0000, 0x0000, 0x0000, 0x0000, 0x0000, 0x0280, 0x0040, 0x0020, 0x0280, 0x0000, 0x0000,
  0x0000, 0x0000, 0x0000, 0x0000, 0x0000, 0x0000, 0x0000, 0x0000, 0x0000, 0x0000, 0x0000, 0x0000,
  0x0000, 0x0000, 0x0000, 0x0000, 0x0000, 0x0000, 0x0000, 0x0000, 0x0000, 0x0000, 0x0000, 0x0000,
  0x0000, 0x0000, 0x0000, 0x0000, 0x0000, 0x0000, 0x0000, 0x0000, 0x0000, 0x0000, 0x0000, 0x0000,
  0x0000, 0x0000, 0x0000, 0x0000, 0x0000, 0x0000, 0x0000, 0x0000, 0x0000, 0x0000, 0x0000, 0x0000,
  0x0000, 0x0000, 0x0000, 0x0000, 0x0000, 0x0000, 0x0000, 0x0000, 0x0000, 0x0000, 0x0000, 0x0000,
  0x0000, 0x0000, 0x0000, 0x0000, 0x0000, 0x0000, 0x0000, 0x0000, 0x0000, 0x0000, 0x0100, 0x0140,
  0x0140, 0x0060, 0x0000, 0x0000, 0x0000, 0x0000, 0x00A0, 0x0060, 0x0020, 0x0000, 0x0000, 0x0060,
  0x0180, 0x0180, 0x0160, 0x01E0, 0x2500, 0x2520, 0x2520, 0x2540, 0x2540, 0x2540, 0x2540, 0x2520,
  0x2540, 0x1380, 0x0AC0, 0x1380, 0x2D40, 0x2540, 0x2560, 0x2540, 0x2540, 0x2540, 0x2540, 0x2540,
  0x2540, 0x2540, 0x2540, 0x2540, 0x2540, 0x2540, 0x2540, 0x2DE0, 0x1280, 0x0080, 0x2540, 0x2540,
  0x2520, 0x2580, 0x1C00, 0x0060, 0x01A0, 0x0A40, 0x2DC0, 0x1360, 0x0000, 0x0000, 0x0000, 0x0000,
  0x0000, 0x0000, 0x0000, 0x0000, 0x0000, 0x0000, 0x0000, 0x0000, 0x0000, 0x0000, 0x0000, 0x0000,
  0x0000, 0x0000, 0x0000, 0x0100, 0x0120, 0x0000, 0x0000, 0x0000, 0x0000, 0x0000, 0x0260, 0x0040,
  0x0020, 0x0280, 0x0000, 0x0000, 0x0000, 0x0000, 0x0000, 0x0000, 0x0000, 0x0000, 0x0000, 0x0000,
  0x0000, 0x0000, 0x0000, 0x0000, 0x0000, 0x0000, 0x0000, 0x0000, 0x0000, 0x0000, 0x0000, 0x0000,
  0x0000, 0x0000, 0x0000, 0x0000, 0x0000, 0x0000, 0x0000, 0x0000, 0x0000, 0x0000, 0x0000, 0x0000,
  0x0000, 0x0000, 0x0000, 0x0000, 0x0000, 0x0000, 0x0000, 0x0000, 0x0000, 0x0000, 0x0000, 0x0000,
  0x0000, 0x0000, 0x0000, 0x0000, 0x0000, 0x0000, 0x0000, 0x0000, 0x0000, 0x0000, 0x0000, 0x0000,
  0x0000, 0x0000, 0x0000, 0x0000, 0x0000, 0x0000, 0x0000, 0x0000, 0x0000, 0x0000, 0x0000, 0x0000,
  0x0000, 0x0100, 0x0140, 0x0120, 0x0060, 0x0000, 0x0000, 0x0000, 0x0000, 0x0040, 0x0100, 0x0060,
  0x0000, 0x0000, 0x0000, 0x0060, 0x01A0, 0x0180, 0x0140, 0x13A0, 0x2560, 0x2500, 0x2540, 0x2520,
  0x2520, 0x2520, 0x2520, 0x2540, 0x2500, 0x01E0, 0x0140, 0x0160, 0x1C20, 0x2DA0, 0x2540, 0x2540,
  0x2540, 0x2540, 0x2540, 0x2540, 0x2540, 0x2540, 0x2540, 0x2540, 0x2540, 0x2540, 0x2520, 0x2DC0,
  0x0940, 0x1240, 0x2DE0, 0x2520, 0x2520, 0x2560, 0x1BE0, 0x0080, 0x1420, 0x1CC0, 0x2520, 0x0080,
  0x0000, 0x0000, 0x0000, 0x0000, 0x0000, 0x0000, 0x0000, 0x0000, 0x0000, 0x0000, 0x0000, 0x0000,
  0x0000, 0x0000, 0x0000, 0x0000, 0x0000, 0x0000, 0x0000, 0x0000, 0x0000, 0x0000, 0x0000, 0x0000,
  0x0000, 0x0000, 0x0280, 0x0040, 0x0020, 0x0280, 0x0000, 0x0000, 0x0000, 0x0000, 0x0000, 0x0000,
  0x0000, 0x0000, 0x0000, 0x0000, 0x0000, 0x0000, 0x0000, 0x0000, 0x0000, 0x0000, 0x0000, 0x0000,
  0x0000, 0x0000, 0x0000, 0x0000, 0x0000, 0x0000, 0x0000, 0x0000, 0x0000, 0x0000, 0x0000, 0x0000,
  0x0000, 0x0000, 0x0000, 0x0000, 0x0000, 0x0000, 0x0000, 0x0000, 0x0000, 0x0000, 0x0000, 0x0000,
  0x0000, 0x0000, 0x0000, 0x0000, 0x0000, 0x0000, 0x0000, 0x0000, 0x0000, 0x0000, 0x0000, 0x0000,
  0x0000, 0x0000, 0x0000, 0x0000, 0x0000, 0x0000, 0x0000, 0x0000, 0x0000, 0x0000, 0x0000, 0x0000,
  0x0000, 0x0000, 0x0000, 0x0000, 0x0100, 0x0160, 0x0100, 0x0020, 0x0000, 0x0000, 0x0000, 0x0000,
  0x0000, 0x0080, 0x0120, 0x0040, 0x0000, 0x0000, 0x0000, 0x0000, 0x0140, 0x0180, 0x01C0, 0x24E0,
  0x2540, 0x2560, 0x2540, 0x2540, 0x2540, 0x2540, 0x2520, 0x2540, 0x13C0, 0x0180, 0x01C0, 0x01A0,
  0x01C0, 0x24A0, 0x2560, 0x2540, 0x2540, 0x2540, 0x2540, 0x2560, 0x2540, 0x2520, 0x2520, 0x2540,
  0x2540, 0x2540, 0x2520, 0x25A0, 0x0960, 0x13C0, 0x2540, 0x2520, 0x2540, 0x2560, 0x13A0, 0x0920,
  0x25A0, 0x25E0, 0x12A0, 0x0000, 0x0000, 0x0000, 0x0000, 0x0000, 0x0000, 0x0000, 0x0000, 0x0000,
  0x0000, 0x0000, 0x0000, 0x0000, 0x0000, 0x0000, 0x0000, 0x0000, 0x0000, 0x0000, 0x0000, 0x0000,
  0x0000, 0x0000, 0x0000, 0x0000, 0x0000, 0x0000, 0x0280, 0x0040, 0x0020, 0x02A0, 0x0000, 0x0000,
  0x0000, 0x0000, 0x0000, 0x0000, 0x0000, 0x0000, 0x0000, 0x0000, 0x0000, 0x0000, 0x0000, 0x0000,
  0x0000, 0x0000, 0x0000, 0x0000, 0x0000, 0x0000, 0x0000, 0x0000, 0x0000, 0x0000, 0x0000, 0x0000,
  0x0000, 0x0000, 0x0000, 0x0000, 0x0000, 0x0000, 0x0000, 0x0000, 0x0000, 0x0000, 0x0000, 0x0000,
  0x0000, 0x0000, 0x0000, 0x0000, 0x0000, 0x0000, 0x0000, 0x0000, 0x0000, 0x0000, 0x0000, 0x0000,
  0x0000, 0x0000, 0x0000, 0x0000, 0x0000, 0x0000, 0x0000, 0x0000, 0x0000, 0x0000, 0x0000, 0x0000,
  0x0000, 0x0000, 0x0000, 0x0000, 0x0000, 0x0000, 0x0000, 0x00C0, 0x0140, 0x00C0, 0x0000, 0x0000,
  0x0000, 0x0000, 0x0000, 0x0000, 0x0000, 0x0100, 0x00C0, 0x0000, 0x0000, 0x0000, 0x0000, 0x0000,
  0x0080, 0x0160, 0x0A20, 0x2560, 0x2500, 0x1C00, 0x2540, 0x2540, 0x2540, 0x2540, 0x2540, 0x2560,
  0x0A80, 0x0140, 0x0160, 0x0160, 0x0140, 0x0240, 0x2520, 0x2540, 0x2520, 0x2540, 0x2560, 0x2560,
  0x2540, 0x2540, 0x2540, 0x2540, 0x2540, 0x2540, 0x2560, 0x2500, 0x0100, 0x1CE0, 0x2560, 0x2540,
  0x2500, 0x1340, 0x0140, 0x0040, 0x1B60, 0x1300, 0x0000, 0x0000, 0x0000, 0x0000, 0x0000, 0x0000,
  0x0000, 0x0000, 0x0000, 0x0000, 0x0000, 0x0000, 0x0000, 0x0000, 0x0000, 0x0000, 0x0000, 0x0000,
  0x0000, 0x0000, 0x0000, 0x0000, 0x0000, 0x0000, 0x0000, 0x0000, 0x0000, 0x0000, 0x0280, 0x0040,
  0x0020, 0x0280, 0x0000, 0x0000, 0x0000, 0x0000, 0x0000, 0x0000, 0x0000, 0x0000, 0x0000, 0x0000,
  0x0000, 0x0000, 0x0000, 0x0000, 0x0000, 0x0000, 0x0000, 0x0000, 0x0000, 0x0000, 0x0000, 0x0000,
  0x0000, 0x0000, 0x0000, 0x0000, 0x0000, 0x0000, 0x0000, 0x0000, 0x0000, 0x0000, 0x0000, 0x0000,
  0x0000, 0x0000, 0x0000, 0x0000, 0x0000, 0x0000, 0x0000, 0x0000, 0x0000, 0x0000, 0x0000, 0x0000,
  0x0000, 0x0000, 0x0000, 0x0000, 0x0000, 0x0000, 0x0000, 0x0000, 0x0000, 0x0000, 0x0000, 0x0000,
  0x0000, 0x0000, 0x0060, 0x0040, 0x0000, 0x0000, 0x0000, 0x0000, 0x0000, 0x0000, 0x00C0, 0x0140,
  0x0080, 0x0000, 0x0000, 0x0000, 0x0000, 0x0000, 0x0000, 0x0000, 0x0060, 0x0120, 0x0040, 0x0000,
  0x0000, 0x0000, 0x0000, 0x0000, 0x0000, 0x0160, 0x0160, 0x24C0, 0x24E0, 0x1320, 0x2D40, 0x2520,
  0x2520, 0x2500, 0x2560, 0x1C20, 0x0180, 0x0220, 0x0240, 0x0240, 0x0220, 0x0160, 0x0A80, 0x2540,
  0x2520, 0x2540, 0x2540, 0x2540, 0x2520, 0x2540, 0x2540, 0x2540, 0x2540, 0x2520, 0x2560, 0x1CA0,
  0x1280, 0x2580, 0x1D00, 0x2540, 0x1420, 0x0140, 0x00C0, 0x0000, 0x0000, 0x0000, 0x0000, 0x0000,
  0x0000, 0x0000, 0x0000, 0x0000, 0x0000, 0x0000, 0x0000, 0x0000, 0x0000, 0x0000, 0x0000, 0x0000,
  0x0000, 0x0000, 0x0000, 0x0000, 0x0000, 0x0000, 0x0000, 0x0000, 0x0000, 0x0000, 0x0000, 0x0000,
  0x0000, 0x0000, 0x0280, 0x0040, 0x0020, 0x0280, 0x0000, 0x0000, 0x0000, 0x0000, 0x0000, 0x0000,
  0x0000, 0x0000, 0x0000, 0x0000, 0x0000, 0x0000, 0x0000, 0x0000, 0x0000, 0x0000, 0x0000, 0x0000,
  0x0000, 0x0000, 0x0000, 0x0000, 0x0000, 0x0000, 0x0000, 0x0000, 0x0000, 0x0000, 0x0000, 0x0000,
  0x0000, 0x0000, 0x0000, 0x0000, 0x0000, 0x0000, 0x0000, 0x0000, 0x0000, 0x0000, 0x0000, 0x0000,
  0x0000, 0x0000, 0x0000, 0x0000, 0x0000, 0x0000, 0x0000, 0x0000, 0x0000, 0x0000, 0x0000, 0x0000,
  0x0000, 0x0000, 0x0000, 0x0000, 0x0000, 0x0000, 0x0360, 0x02A0, 0x0000, 0x0000, 0x0000, 0x0000,
  0x0000, 0x00C0, 0x0140, 0x0060, 0x0000, 0x0000, 0x0000, 0x0000, 0x0000, 0x0000, 0x0000, 0x0000,
  0x00E0, 0x00C0, 0x0000, 0x0000, 0x0000, 0x0000, 0x0000, 0x0000, 0x0000, 0x00A0, 0x0140, 0x1380,
  0x2580, 0x2540, 0x2520, 0x2540, 0x2540, 0x2520, 0x2540, 0x1C40, 0x1BA0, 0x13C0, 0x1C00, 0x1BE0,
  0x13C0, 0x1360, 0x0AC0, 0x24A0, 0x2560, 0x2560, 0x2540, 0x2540, 0x2540, 0x2540, 0x2540, 0x2540,
  0x2540, 0x2540, 0x25A0, 0x1BC0, 0x1300, 0x2580, 0x1D00, 0x2560, 0x0AA0, 0x0140, 0x00E0, 0x0000,
  0x0000, 0x0000, 0x0000, 0x0000, 0x0000, 0x0000, 0x0000, 0x0000, 0x0000, 0x0000, 0x0000, 0x0000,
  0x0000, 0x0000, 0x0000, 0x0060, 0x0140, 0x0000, 0x0000, 0x0000, 0x0000, 0x0000, 0x0000, 0x0000,
  0x0000, 0x0000, 0x0000, 0x0000, 0x0000, 0x0000, 0x0260, 0x0040, 0x0020, 0x0280, 0x0000, 0x0000,
  0x0000, 0x0000, 0x0000, 0x0000, 0x0000, 0x0000, 0x0000, 0x0000, 0x0000, 0x0000, 0x0000, 0x0000,
  0x0000, 0x0000, 0x0000, 0x0000, 0x0000, 0x0000, 0x0000, 0x0000, 0x0000, 0x0000, 0x0000, 0x0000,
  0x0000, 0x0000, 0x0000, 0x0000, 0x0000, 0x0000, 0x0000, 0x0000, 0x0000, 0x0000, 0x0000, 0x0000,
  0x0000, 0x0000, 0x0000, 0x0000, 0x0000, 0x0000, 0x0000, 0x0000, 0x0000, 0x0000, 0x0000, 0x0000,
  0x0000, 0x0000, 0x0000, 0x0000, 0x0000, 0x0000, 0x0000, 0x0000, 0x0000, 0x0000, 0x0100, 0x00C0,
  0x0000, 0x0000, 0x0000, 0x0000, 0x00C0, 0x0140, 0x0040, 0x0000, 0x0000, 0x0000, 0x0000, 0x0000,
  0x0000, 0x0000, 0x0000, 0x0020, 0x0140, 0x0060, 0x0000, 0x0000, 0x0000, 0x0000, 0x0000, 0x0000,
  0x0000, 0x0000, 0x0120, 0x0200, 0x2500, 0x2520, 0x2540, 0x2540, 0x2540, 0x2520, 0x2540, 0x1C60,
  0x0A60, 0x0B20, 0x0B20, 0x0B60, 0x1380, 0x0B40, 0x0B00, 0x0A80, 0x12C0, 0x24E0, 0x2540, 0x2540,
  0x2540, 0x2540, 0x2540, 0x2540, 0x2540, 0x2520, 0x2580, 0x1B60, 0x1BE0, 0x2580, 0x2540, 0x1CC0,
  0x0140, 0x0180, 0x0060, 0x0000, 0x0000, 0x0000, 0x0000, 0x0000, 0x0000, 0x0000, 0x0000, 0x0000,
  0x0000, 0x0000, 0x0000, 0x0000, 0x0000, 0x0000, 0x0000, 0x01E0, 0x0420, 0x0060, 0x0000, 0x0000,
  0x0000, 0x0000, 0x0000, 0x0000, 0x0000, 0x0000, 0x0000, 0x0000, 0x0000, 0x0000, 0x0280, 0x0040,
  0x0020, 0x0280, 0x0000, 0x0000, 0x0000, 0x0000, 0x0000, 0x0000, 0x0000, 0x0000, 0x0000, 0x0000,
  0x0000, 0x0000, 0x0000, 0x0000, 0x0000, 0x0000, 0x0000, 0x0000, 0x0000, 0x0000, 0x0000, 0x0000,
  0x0000, 0x0000, 0x0000, 0x0000, 0x0000, 0x0000, 0x0000, 0x0000, 0x0000, 0x0000, 0x0000, 0x0000,
  0x0000, 0x0000, 0x0000, 0x0000, 0x0000, 0x0000, 0x0000, 0x0000, 0x0000, 0x0000, 0x0000, 0x0000,
  0x0000, 0x0000, 0x0000, 0x0000, 0x0000, 0x0000, 0x0000, 0x0000, 0x0000, 0x0000, 0x0000, 0x0000,
  0x0000, 0x0000, 0x0000, 0x0000, 0x0000, 0x0000, 0x0000, 0x00E0, 0x0100, 0x0000, 0x0000, 0x0000,
  0x0000, 0x0000, 0x0000, 0x0000, 0x0000, 0x0000, 0x0000, 0x00A0, 0x0120, 0x0000, 0x0000, 0x0000,
  0x0000, 0x0000, 0x0000, 0x0000, 0x0000, 0x0000, 0x0020, 0x0A40, 0x2540, 0x2540, 0x2520, 0x2520,
  0x2540, 0x2540, 0x2540, 0x2500, 0x2520, 0x2520, 0x2540, 0x2540, 0x2520, 0x2500, 0x2520, 0x2520,
  0x24E0, 0x2500, 0x2540, 0x2540, 0x2540, 0x2540, 0x2540, 0x2540, 0x2540, 0x2520, 0x2540, 0x1BC0,
  0x24E0, 0x2520, 0x2540, 0x0AA0, 0x0100, 0x0180, 0x0000, 0x0000, 0x0000, 0x0000, 0x0000, 0x0000,
  0x0000, 0x0000, 0x0000, 0x0000, 0x0000, 0x0000, 0x0000, 0x0000, 0x0000, 0x0000, 0x0000, 0x0000,
  0x0060, 0x0000, 0x0000, 0x0000, 0x0000, 0x0000, 0x0000, 0x0000, 0x0000, 0x0000, 0x0000, 0x0000,
  0x0000, 0x0000, 0x02A0, 0x0040, 0x0020, 0x0280, 0x0000, 0x0000, 0x0000, 0x0000, 0x0000, 0x0000,
  0x0000, 0x0000, 0x0000, 0x0000, 0x0000, 0x0000, 0x0000, 0x0020, 0x0000, 0x0000, 0x0000, 0x0000,
  0x0000, 0x0000, 0x0020, 0x0000, 0x0000, 0x0000, 0x0000, 0x0000, 0x0000, 0x0000, 0x0000, 0x0000,
  0x0000, 0x0020, 0x0000, 0x0000, 0x0000, 0x0000, 0x0000, 0x0000, 0x0000, 0x0000, 0x0000, 0x0000,
  0x0000, 0x0000, 0x0000, 0x0000, 0x0000, 0x0000, 0x0000, 0x0000, 0x0000, 0x0000, 0x0000, 0x0000,
  0x0000, 0x0000, 0x0000, 0x0000, 0x0000, 0x0000, 0x0000, 0x0000, 0x0000, 0x0000, 0x00C0, 0x00C0,
  0x0000, 0x0000, 0x0000, 0x0000, 0x0000, 0x0000, 0x0000, 0x0000, 0x0000, 0x0000, 0x0000, 0x0100,
  0x0080, 0x0000, 0x0000, 0x0000, 0x0000, 0x0000, 0x0000, 0x0000, 0x0000, 0x0000, 0x0000, 0x0960,
  0x2580, 0x2500, 0x2520, 0x2520, 0x2520, 0x2520, 0x2520, 0x2520, 0x2520, 0x2520, 0x2540, 0x2500,
  0x2520, 0x2520, 0x2520, 0x2520, 0x2520, 0x2520, 0x2520, 0x2520, 0x2520, 0x2520, 0x2540, 0x2540,
  0x2540, 0x2500, 0x2560, 0x1320, 0x24C0, 0x25A0, 0x1400, 0x00A0, 0x01A0, 0x0100, 0x0000, 0x0000,
  0x0000, 0x0000, 0x0000, 0x0000, 0x0000, 0x0000, 0x0000, 0x0000, 0x0000, 0x0000, 0x0000, 0x0000,
  0x0000, 0x0000, 0x0000, 0x0000, 0x0000, 0x0000, 0x0000, 0x0000, 0x0000, 0x0000, 0x0000, 0x0000,
  0x0000, 0x0000, 0x0000, 0x0000, 0x0000, 0x0000, 0x0280, 0x0040, 0x0020, 0x0280, 0x0000, 0x0000,
  0x0000, 0x0000, 0x0060, 0x0280, 0x02C0, 0x00C0, 0x0240, 0x0000, 0x0160, 0x0100, 0x01E0, 0x0340,
  0x0140, 0x0120, 0x0380, 0x0360, 0x0140, 0x02C0, 0x02A0, 0x0200, 0x01A0, 0x01C0, 0x0040, 0x0280,
  0x0000, 0x0000, 0x0000, 0x0020, 0x0300, 0x02E0, 0x01A0, 0x0040, 0x02C0, 0x02C0, 0x0040, 0x0100,
  0x0340, 0x0200, 0x00A0, 0x0340, 0x03A0, 0x01E0, 0x0000, 0x0000, 0x0000, 0x0000, 0x0000, 0x0000,
  0x0000, 0x0000, 0x0000, 0x0000, 0x0000, 0x0000, 0x0000, 0x0000, 0x0000, 0x0000, 0x0000, 0x0000,
  0x0000, 0x00C0, 0x0080, 0x0000, 0x0000, 0x0000, 0x0000, 0x0000, 0x0000, 0x0000, 0x0000, 0x0000,
  0x0000, 0x0000, 0x0040, 0x0120, 0x0000, 0x0000, 0x0000, 0x0000, 0x0000, 0x0000, 0x0000, 0x0000,
  0x0000, 0x0000, 0x0000, 0x0000, 0x1C00, 0x2580, 0x2500, 0x2540, 0x2540, 0x2540, 0x2520, 0x2540,
  0x0A80, 0x01E0, 0x01C0, 0x0A80, 0x2520, 0x2520, 0x2520, 0x2520, 0x2520, 0x2540, 0x2540, 0x2540,
  0x2540, 0x2540, 0x2540, 0x2560, 0x2540, 0x2540, 0x2500, 0x1B60, 0x2540, 0x24A0, 0x01C0, 0x00E0,
  0x01E0, 0x0060, 0x0000, 0x0000, 0x0000, 0x0000, 0x0000, 0x0000, 0x0000, 0x0000, 0x0000, 0x0000,
  0x0000, 0x0000, 0x0000, 0x0000, 0x0000, 0x0000, 0x0000, 0x0000, 0x0000, 0x0000, 0x0000, 0x0000,
  0x0000, 0x0000, 0x0000, 0x0000, 0x0000, 0x0000, 0x0000, 0x0000, 0x0000, 0x0000, 0x0280, 0x0040,
  0x0020, 0x0280, 0x0000, 0x0000, 0x0000, 0x0000, 0x0160, 0x0260, 0x0100, 0x0060, 0x02C0, 0x00C0,
  0x0200, 0x0180, 0x02A0, 0x0120, 0x00C0, 0x0000, 0x0200, 0x0160, 0x0000, 0x0320, 0x0120, 0x0060,
  0x0160, 0x03A0, 0x0300, 0x0340, 0x0000, 0x0000, 0x0000, 0x0060, 0x0320, 0x0120, 0x0220, 0x01E0,
  0x0140, 0x00C0, 0x0260, 0x0280, 0x0040, 0x0240, 0x00C0, 0x0080, 0x02C0, 0x0000, 0x0000, 0x0000,
  0x0000, 0x0000, 0x0000, 0x0000, 0x0000, 0x0000, 0x0000, 0x0000, 0x0000, 0x0000, 0x0000, 0x0000,
  0x0000, 0x0000, 0x0000, 0x0000, 0x00C0, 0x0080, 0x0000, 0x0000, 0x0000, 0x0000, 0x0000, 0x0000,
  0x0000, 0x0000, 0x0000, 0x0000, 0x0000, 0x0000, 0x00C0, 0x00C0, 0x0000, 0x0000, 0x0000, 0x0000,
  0x0000, 0x0000, 0x0000, 0x0000, 0x0000, 0x0000, 0x0000, 0x0000, 0x00A0, 0x2500, 0x2560, 0x2540,
  0x2540, 0x2540, 0x2540, 0x2560, 0x0220, 0x0120, 0x0A80, 0x24E0, 0x2540, 0x2540, 0x2540, 0x2540,
  0x2540, 0x2540, 0x2540, 0x2560, 0x2560, 0x2560, 0x2540, 0x2560, 0x2540, 0x2D80, 0x2480, 0x24A0,
  0x24C0, 0x0180, 0x0140, 0x0180, 0x01C0, 0x0000, 0x0000, 0x0000, 0x0000, 0x0000, 0x0000, 0x0000,
  0x0000, 0x0000, 0x0000, 0x0060, 0x0000, 0x0000, 0x0000, 0x0000, 0x0000, 0x0000, 0x0000, 0x0000,
  0x0000, 0x0000, 0x0000, 0x0000, 0x0000, 0x0000, 0x0000, 0x0000, 0x0000, 0x0000, 0x0000, 0x0000,
  0x0000, 0x0000, 0x02A0, 0x0040, 0x0020, 0x0280, 0x0000, 0x0000, 0x0000, 0x0000, 0x0000, 0x01C0,
  0x0240, 0x00A0, 0x0040, 0x03A0, 0x0160, 0x0000, 0x0140, 0x0260, 0x0160, 0x0000, 0x01A0, 0x0120,
  0x0000, 0x0340, 0x0280, 0x00A0, 0x0100, 0x01E0, 0x0140, 0x0240, 0x0000, 0x0000, 0x0000, 0x0040,
  0x0340, 0x0260, 0x01C0, 0x0200, 0x00C0, 0x0020, 0x0280, 0x02A0, 0x0000, 0x01E0, 0x00C0, 0x0040,
  0x0260, 0x0000, 0x0000, 0x0000, 0x0000, 0x0000, 0x0000, 0x0000, 0x0000, 0x0000, 0x0000, 0x0000,
  0x0000, 0x0000, 0x0000, 0x0000, 0x0000, 0x0000, 0x0000, 0x0080, 0x0040, 0x0000, 0x0000, 0x0000,
  0x0000, 0x0000, 0x0000, 0x0000, 0x0000, 0x0000, 0x0000, 0x0000, 0x0000, 0x0000, 0x0100, 0x0020,
  0x0000, 0x0000, 0x0000, 0x0000, 0x0000, 0x0000, 0x0000, 0x0000, 0x0000, 0x0000, 0x0000, 0x0000,
  0x0000, 0x09C0, 0x2580, 0x2520, 0x2540, 0x2540, 0x2540, 0x2540, 0x0280, 0x01A0, 0x24C0, 0x2D80,
  0x2540, 0x2540, 0x2540, 0x2540, 0x2540, 0x2540, 0x2540, 0x2540, 0x2540, 0x2540, 0x2540, 0x2540,
  0x2540, 0x2520, 0x2560, 0x1C80, 0x01C0, 0x0180, 0x0160, 0x01C0, 0x0140, 0x0000, 0x0000, 0x0000,
  0x0000, 0x0000, 0x0000, 0x0000, 0x0000, 0x0000, 0x0020, 0x0160, 0x0000, 0x0000, 0x0000, 0x0000,
  0x0000, 0x0000, 0x0000, 0x0000, 0x0000, 0x0000, 0x0000, 0x0000, 0x0000, 0x0000, 0x0000, 0x0000,
  0x0000, 0x0000, 0x0000, 0x0000, 0x0000, 0x0000, 0x02A0, 0x0040, 0x0020, 0x0280, 0x0000, 0x0000,
  0x0000, 0x0000, 0x00A0, 0x0180, 0x0200, 0x0200, 0x0000, 0x0240, 0x0040, 0x0040, 0x01A0, 0x0180,
  0x0280, 0x0000, 0x01C0, 0x0140, 0x0000, 0x0340, 0x0160, 0x0120, 0x01E0, 0x0160, 0x0000, 0x02E0,
  0x0000, 0x0000, 0x0000, 0x0040, 0x0340, 0x0160, 0x0240, 0x0140, 0x0220, 0x01E0, 0x0160, 0x01C0,
  0x01E0, 0x0260, 0x0060, 0x0080, 0x02A0, 0x0000, 0x00A0, 0x0060, 0x00C0, 0x0040, 0x0080, 0x00C0,
  0x0000, 0x0000, 0x0000, 0x0000, 0x0000, 0x0000, 0x0000, 0x0000, 0x0000, 0x0000, 0x0060, 0x0020,
  0x0000, 0x0000, 0x0000, 0x0000, 0x0000, 0x0000, 0x0000, 0x0000, 0x0000, 0x0000, 0x0000, 0x0000,
  0x0000, 0x0060, 0x00C0, 0x0000, 0x0000, 0x0000, 0x0000, 0x0000, 0x0000, 0x0000, 0x0000, 0x0000,
  0x0000, 0x0000, 0x0000, 0x0000, 0x0000, 0x0040, 0x1BE0, 0x2580, 0x2520, 0x2520, 0x2520, 0x2540,
  0x0280, 0x0B40, 0x2580, 0x2500, 0x2520, 0x2520, 0x2520, 0x2520, 0x2540, 0x2520, 0x2520, 0x2520,
  0x2540, 0x2540, 0x2520, 0x2520, 0x2500, 0x2560, 0x1C00, 0x01E0, 0x0160, 0x0180, 0x0180, 0x01A0,
  0x0060, 0x0000, 0x0000, 0x0000, 0x0000, 0x0000, 0x0000, 0x0000, 0x0000, 0x0000, 0x0000, 0x0000,
  0x0000, 0x0000, 0x0000, 0x0000, 0x0000, 0x0000, 0x0000, 0x0000, 0x0000, 0x0000, 0x0000, 0x0000,
  0x0000, 0x0000, 0x0000, 0x0000, 0x0000, 0x0000, 0x0000, 0x0000, 0x0000, 0x0000, 0x0280, 0x0040,
  0x0020, 0x0260, 0x0000, 0x0000, 0x0000, 0x0000, 0x0000, 0x0160, 0x01C0, 0x0000, 0x0000, 0x00C0,
  0x0020, 0x0000, 0x00C0, 0x0220, 0x0040, 0x0000, 0x00A0, 0x0060, 0x0000, 0x0180, 0x0200, 0x0160,
  0x00A0, 0x0080, 0x0000, 0x00E0, 0x0000, 0x0000, 0x0000, 0x0000, 0x0180, 0x0200, 0x0060, 0x0000,
  0x0160, 0x0180, 0x0000, 0x0000, 0x0200, 0x00E0, 0x0000, 0x0020, 0x00C0, 0x0000, 0x00A0, 0x0060,
  0x00C0, 0x0040, 0x0060, 0x00C0, 0x0000, 0x0000, 0x0000, 0x0000, 0x0000, 0x0000, 0x0000, 0x0000,
  0x0000, 0x0000, 0x0000, 0x0000, 0x0000, 0x0000, 0x0000, 0x0000, 0x0000, 0x0000, 0x0000, 0x0000,
  0x0000, 0x0000, 0x0000, 0x0000, 0x0000, 0x00C0, 0x0040, 0x0000, 0x0000, 0x0000, 0x0000, 0x0000,
  0x0000, 0x0000, 0x0000, 0x0000, 0x0000, 0x0000, 0x0000, 0x0000, 0x0000, 0x0020, 0x0200, 0x2500,
  0x2520, 0x2540, 0x2520, 0x2560, 0x0B60, 0x1C80, 0x2540, 0x2520, 0x2520, 0x2500, 0x2520, 0x2520,
  0x2520, 0x2520, 0x2520, 0x2540, 0x2520, 0x2520, 0x2520, 0x2520, 0x2560, 0x1340, 0x0180, 0x01E0,
  0x01C0, 0x0180, 0x0140, 0x01C0, 0x0000, 0x0000, 0x0000, 0x0000, 0x0000, 0x0000, 0x0000, 0x0000,
  0x0000, 0x0000, 0x0000, 0x0000, 0x0000, 0x0000, 0x0000, 0x0000, 0x0000, 0x0000, 0x0000, 0x0000,
  0x0000, 0x0000, 0x0000, 0x0000, 0x0000, 0x0000, 0x0000, 0x0000, 0x0000, 0x0000, 0x0000, 0x0000,
  0x0000, 0x0000, 0x02A0, 0x0040, 0x0020, 0x0280, 0x0000, 0x0000, 0x0000, 0x0000, 0x0000, 0x0000,
  0x0000, 0x0000, 0x0000, 0x0000, 0x0000, 0x0000, 0x0000, 0x0000, 0x0000, 0x0000, 0x0000, 0x0000,
  0x0000, 0x0000, 0x0000, 0x0000, 0x0000, 0x0000, 0x0000, 0x0000, 0x0000, 0x0000, 0x0000, 0x0000,
  0x0000, 0x0000, 0x0000, 0x0000, 0x0000, 0x0000, 0x0000, 0x0000, 0x0000, 0x0000, 0x0000, 0x0000,
  0x0000, 0x0000, 0x0000, 0x0000, 0x0000, 0x0000, 0x0000, 0x0000, 0x0000, 0x0000, 0x0000, 0x0000,
  0x0000, 0x0000, 0x0000, 0x0000, 0x0000, 0x0000, 0x0000, 0x0000, 0x0000, 0x0000, 0x0000, 0x0000,
  0x0000, 0x0000, 0x0000, 0x0000, 0x0000, 0x0000, 0x0000, 0x0000, 0x0020, 0x00E0, 0x0000, 0x0000,
  0x0000, 0x0000, 0x0000, 0x0000, 0x0000, 0x0000, 0x0000, 0x0000, 0x0000, 0x0000, 0x0000, 0x0000,
  0x0020, 0x00E0, 0x0140, 0x1300, 0x2D80, 0x2520, 0x2520, 0x2540, 0x1400, 0x2500, 0x2520, 0x2520,
  0x2520, 0x2540, 0x2520, 0x2520, 0x2540, 0x2540, 0x2520, 0x2520, 0x2520, 0x2500, 0x2540, 0x2500,
  0x12E0, 0x0180, 0x0140, 0x01A0, 0x01C0, 0x01A0, 0x1440, 0x0A00, 0x0000, 0x0000, 0x0000, 0x0000,
  0x0000, 0x0000, 0x0000, 0x0000, 0x0000, 0x0000, 0x0000, 0x0000, 0x0000, 0x0000, 0x0000, 0x0000,
  0x0000, 0x0000, 0x0000, 0x0000, 0x0000, 0x0000, 0x0000, 0x0000, 0x0000, 0x0000, 0x0000, 0x0000,
  0x0000, 0x0000, 0x0000, 0x0000, 0x0000, 0x0000, 0x0280, 0x0040, 0x0020, 0x0280, 0x0000, 0x0000,
  0x0000, 0x0000, 0x0000, 0x0000, 0x0000, 0x0000, 0x0000, 0x0000, 0x0000, 0x0000, 0x0000, 0x0000,
  0x0000, 0x0000, 0x0000, 0x0000, 0x0000, 0x0000, 0x0000, 0x0000, 0x0000, 0x0000, 0x0000, 0x0000,
  0x0000, 0x0000, 0x0000, 0x0000, 0x0000, 0x0000, 0x0000, 0x0000, 0x0000, 0x0000, 0x0000, 0x0000,
  0x0000, 0x0000, 0x0000, 0x0000, 0x0000, 0x0000, 0x0000, 0x0000, 0x0000, 0x0000, 0x0000, 0x0000,
  0x0000, 0x0000, 0x0000, 0x0000, 0x0000, 0x0000, 0x0000, 0x0000, 0x0000, 0x0000, 0x0000, 0x0000,
  0x0000, 0x0000, 0x0000, 0x0000, 0x0000, 0x0000, 0x0000, 0x0000, 0x0000, 0x0000, 0x0000, 0x0000,
  0x0080, 0x0060, 0x0000, 0x0000, 0x0000, 0x0000, 0x0000, 0x0000, 0x0000, 0x0000, 0x0000, 0x0000,
  0x0000, 0x0000, 0x0000, 0x0060, 0x0080, 0x0180, 0x0140, 0x01A0, 0x1BE0, 0x2DA0, 0x2540, 0x2540,
  0x2520, 0x2520, 0x2520, 0x2540, 0x2540, 0x2540, 0x2540, 0x2540, 0x2540, 0x2540, 0x2540, 0x2520,
  0x2520, 0x2580, 0x1C80, 0x0A20, 0x0160, 0x0140, 0x0180, 0x0180, 0x0AC0, 0x1360, 0x2540, 0x00C0,
  0x0000, 0x0000, 0x0000, 0x0000, 0x0000, 0x0000, 0x0000, 0x0000, 0x0000, 0x0000, 0x0000, 0x0000,
  0x0000, 0x0000, 0x0000, 0x0000, 0x0000, 0x0000, 0x0000, 0x0000, 0x0000, 0x0000, 0x0000, 0x0000,
  0x0000, 0x0000, 0x0200, 0x0080, 0x0000, 0x0000, 0x0000, 0x0000, 0x0000, 0x0000, 0x0280, 0x0040,
  0x0020, 0x0280, 0x0000, 0x0000, 0x0000, 0x0000, 0x0000, 0x0000, 0x0000, 0x0000, 0x0000, 0x0000,
  0x0000, 0x0000, 0x0000, 0x0000, 0x0000, 0x0000, 0x0000, 0x0000, 0x0000, 0x0000, 0x0000, 0x0000,
  0x0000, 0x0000, 0x0000, 0x0000, 0x0000, 0x0000, 0x0000, 0x0000, 0x0000, 0x0000, 0x0000, 0x0000,
  0x0000, 0x0000, 0x0000, 0x0000, 0x0000, 0x0000, 0x0000, 0x0000, 0x0000, 0x0000, 0x0000, 0x0000,
  0x0000, 0x0000, 0x0000, 0x0000, 0x0000, 0x0000, 0x0000, 0x0000, 0x0000, 0x0000, 0x0000, 0x0000,
  0x0000, 0x0000, 0x0000, 0x0000, 0x0000, 0x0000, 0x0000, 0x0000, 0x0000, 0x0000, 0x0000, 0x0000,
  0x0000, 0x0000, 0x0000, 0x0000, 0x00C0, 0x0000, 0x0000, 0x0000, 0x0000, 0x0000, 0x0000, 0x0000,
  0x0000, 0x0000, 0x0000, 0x0000, 0x0000, 0x0080, 0x0100, 0x00A0, 0x0A40, 0x0B80, 0x0120, 0x0160,
  0x01E0, 0x24C0, 0x2540, 0x2520, 0x2540, 0x2540, 0x2520, 0x2540, 0x2520, 0x2540, 0x2540, 0x2520,
  0x2520, 0x2540, 0x2520, 0x2520, 0x2580, 0x1C40, 0x01A0, 0x0140, 0x0120, 0x0160, 0x01C0, 0x1400,
  0x24C0, 0x1C60, 0x1BC0, 0x0020, 0x0000, 0x0000, 0x0000, 0x0000, 0x0000, 0x0000, 0x0000, 0x0000,
  0x0000, 0x0000, 0x0000, 0x0000, 0x0000, 0x0000, 0x0000, 0x0000, 0x0000, 0x0000, 0x0000, 0x0000,
  0x0000, 0x0000, 0x0000, 0x0000, 0x0000, 0x0000, 0x0160, 0x0060, 0x0000, 0x0000, 0x0000, 0x0000,
  0x0000, 0x0000, 0x0280, 0x0040, 0x0020, 0x0280, 0x0000, 0x0000, 0x0000, 0x0000, 0x0000, 0x0000,
  0x0020, 0x0040, 0x0020, 0x0020, 0x0020, 0x0020, 0x0020, 0x0020, 0x0020, 0x0020, 0x0020, 0x0040,
  0x0020, 0x0020, 0x0020, 0x0020, 0x0020, 0x0040, 0x0020, 0x0020, 0x0020, 0x0020, 0x0020, 0x0020,
  0x0020, 0x0020, 0x0020, 0x0020, 0x0020, 0x0020, 0x0020, 0x0020, 0x0020, 0x0020, 0x0020, 0x0020,
  0x0020, 0x0020, 0x0020, 0x0020, 0x0020, 0x0020, 0x0020, 0x0020, 0x0020, 0x0020, 0x0020, 0x0020,
  0x0020, 0x0020, 0x0020, 0x0020, 0x0020, 0x0020, 0x0020, 0x0020, 0x0020, 0x0020, 0x0020, 0x0020,
  0x0020, 0x0020, 0x0020, 0x0020, 0x0020, 0x0020, 0x0000, 0x0040, 0x0060, 0x0000, 0x0000, 0x0000,
  0x0000, 0x0000, 0x0000, 0x0000, 0x0000, 0x0000, 0x0000, 0x00A0, 0x0140, 0x0160, 0x00C0, 0x0040,
  0x01E0, 0x2D80, 0x13A0, 0x0160, 0x01C0, 0x0A60, 0x2D80, 0x2540, 0x2540, 0x2540, 0x2540, 0x2560,
  0x2560, 0x2540, 0x2540, 0x2540, 0x2540, 0x2520, 0x2540, 0x2560, 0x1B80, 0x0160, 0x0120, 0x0140,
  0x0180, 0x01E0, 0x1C40, 0x2DC0, 0x1380, 0x2520, 0x1320, 0x0100, 0x0140, 0x00A0, 0x0020, 0x0000,
  0x0000, 0x0000, 0x0000, 0x0000, 0x0000, 0x0000, 0x0000, 0x0000, 0x0000, 0x0000, 0x0000, 0x0000,
  0x0000, 0x0000, 0x0000, 0x0000, 0x0000, 0x0000, 0x0000, 0x0000, 0x0000, 0x0000, 0x0000, 0x0000,
  0x0000, 0x0000, 0x0000, 0x0000, 0x0000, 0x0000, 0x0280, 0x0040, 0x0020, 0x0280, 0x0000, 0x0000,
  0x0000, 0x0000, 0x0000, 0x00A0, 0x0300, 0x02A0, 0x0280, 0x02E0, 0x02E0, 0x02A0, 0x02A0, 0x02A0,
  0x0280, 0x02C0, 0x02C0, 0x0280, 0x02C0, 0x02C0, 0x02A0, 0x02C0, 0x02C0, 0x0280, 0x02A0, 0x02E0,
  0x0280, 0x0280, 0x02C0, 0x02A0, 0x02A0, 0x02C0, 0x02C0, 0x02C0, 0x02C0, 0x02C0, 0x02C0, 0x02C0,
  0x02C0, 0x02C0, 0x02C0, 0x02E0, 0x0300, 0x0300, 0x0300, 0x0300, 0x02E0, 0x0300, 0x0300, 0x0300,
  0x0300, 0x02E0, 0x02E0, 0x02E0, 0x0300, 0x0300, 0x02E0, 0x0300, 0x0300, 0x0300, 0x0300, 0x0300,
  0x0300, 0x0300, 0x0300, 0x0300, 0x0300, 0x0300, 0x0300, 0x0300, 0x0300, 0x02E0, 0x0080, 0x0060,
  0x0000, 0x0000, 0x0000, 0x0000, 0x0000, 0x0000, 0x0000, 0x0000, 0x0000, 0x0020, 0x0120, 0x0140,
  0x0100, 0x0080, 0x0000, 0x0020, 0x0120, 0x0AA0, 0x2DA0, 0x13A0, 0x01E0, 0x0180, 0x1C00, 0x2560,
  0x2520, 0x2540, 0x2560, 0x2560, 0x2560, 0x2540, 0x2540, 0x2540, 0x2520, 0x2540, 0x2520, 0x0AC0,
  0x0120, 0x00E0, 0x0180, 0x0160, 0x0200, 0x1CA0, 0x2580, 0x24C0, 0x13C0, 0x2580, 0x0A00, 0x0100,
  0x0160, 0x01A0, 0x0160, 0x0120, 0x0080, 0x0000, 0x0000, 0x0000, 0x0000, 0x0000, 0x0000, 0x0000,
  0x0000, 0x0000, 0x0000, 0x0000, 0x0000, 0x0000, 0x0000, 0x0000, 0x0000, 0x0000, 0x0000, 0x0000,
  0x0000, 0x0000, 0x0000, 0x0000, 0x0000, 0x0000, 0x0000, 0x0000, 0x0000, 0x0000, 0x0280, 0x0040,
  0x0020, 0x0280, 0x0000, 0x0000, 0x0000, 0x0000, 0x0000, 0x0260, 0x0080, 0x0180, 0x01C0, 0x00A0,
  0x0140, 0x01C0, 0x00E0, 0x0100, 0x01C0, 0x00C0, 0x0100, 0x01E0, 0x0100, 0x0100, 0x01A0, 0x00C0,
  0x00C0, 0x01E0, 0x0140, 0x00A0, 0x01A0, 0x0160, 0x0080, 0x0180, 0x0180, 0x00E0, 0x00A0, 0x00C0,
  0x00A0, 0x00A0, 0x00C0, 0x00C0, 0x00C0, 0x00C0, 0x00C0, 0x00A0, 0x0000, 0x0000, 0x0000, 0x0000,
  0x0000, 0x0000, 0x0000, 0x0000, 0x0000, 0x0000, 0x0000, 0x0000, 0x0000, 0x0000, 0x0000, 0x0000,
  0x0000, 0x0000, 0x0000, 0x0000, 0x0000, 0x0000, 0x0000, 0x0000, 0x0000, 0x0000, 0x0000, 0x0000,
  0x0000, 0x0040, 0x0260, 0x0020, 0x0000, 0x0000, 0x0000, 0x0000, 0x0000, 0x0000, 0x0000, 0x0000,
  0x0000, 0x0120, 0x0140, 0x0060, 0x0060, 0x0020, 0x0000, 0x0040, 0x0120, 0x0100, 0x1C60, 0x24E0,
  0x1300, 0x0200, 0x01A0, 0x2500, 0x2540, 0x2540, 0x2540, 0x2540, 0x2540, 0x2540, 0x2540, 0x2500,
  0x2560, 0x24E0, 0x0A60, 0x0140, 0x0120, 0x0160, 0x0160, 0x0A80, 0x24E0, 0x2540, 0x2560, 0x1BC0,
  0x1C60, 0x2520, 0x0100, 0x0160, 0x0100, 0x0100, 0x0140, 0x0180, 0x01A0, 0x00C0, 0x0000, 0x0000,
  0x0000, 0x0000, 0x0000, 0x0000, 0x0000, 0x0000, 0x0000, 0x0000, 0x0000, 0x0000, 0x0000, 0x0000,
  0x0000, 0x0000, 0x0000, 0x0000, 0x0000, 0x0000, 0x0000, 0x0000, 0x0000, 0x0000, 0x0000, 0x0000,
  0x0000, 0x0000, 0x0280, 0x0040, 0x0020, 0x0280, 0x0000, 0x0000, 0x0000, 0x0000, 0x0000, 0x0220,
  0x00E0, 0x0CC0, 0x0D00, 0x01C0, 0x0C40, 0x0D60, 0x0220, 0x0340, 0x0DE0, 0x0240, 0x0300, 0x0DC0,
  0x02C0, 0x02A0, 0x0D60, 0x0300, 0x0260, 0x0DA0, 0x0340, 0x01E0, 0x0D80, 0x0400, 0x0180, 0x0D20,
  0x0CE0, 0x02A0, 0x0220, 0x0240, 0x0240, 0x0240, 0x0240, 0x0240, 0x0240, 0x0220, 0x0240, 0x0200,
  0x0000, 0x0000, 0x0000, 0x0000, 0x0000, 0x0000, 0x0000, 0x0000, 0x0000, 0x0000, 0x0000, 0x0000,
  0x0000, 0x0000, 0x0000, 0x0000, 0x0000, 0x0000, 0x0000, 0x0000, 0x0000, 0x0000, 0x0000, 0x0000,
  0x0000, 0x0000, 0x0000, 0x0000, 0x0000, 0x0040, 0x0220, 0x0000, 0x0000, 0x0000, 0x0000, 0x0000,
  0x0000, 0x0000, 0x0000, 0x0000, 0x00C0, 0x0140, 0x0120, 0x0040, 0x0020, 0x0000, 0x0000, 0x00E0,
  0x0160, 0x0100, 0x1C20, 0x1D20, 0x1C00, 0x13E0, 0x0160, 0x1340, 0x2DC0, 0x2560, 0x2520, 0x2540,
  0x2540, 0x2520, 0x2520, 0x2580, 0x13C0, 0x01A0, 0x0100, 0x0140, 0x01A0, 0x0140, 0x0AA0, 0x2560,
  0x2540, 0x2520, 0x1CE0, 0x1380, 0x2580, 0x1400, 0x0060, 0x0100, 0x0140, 0x0100, 0x00C0, 0x0140,
  0x0180, 0x0100, 0x0000, 0x0000, 0x0000, 0x0000, 0x0000, 0x0000, 0x0000, 0x0000, 0x0000, 0x0000,
  0x0000, 0x0000, 0x0000, 0x0000, 0x0000, 0x0000, 0x0000, 0x0000, 0x0000, 0x0000, 0x0000, 0x0000,
  0x0000, 0x0000, 0x0000, 0x0000, 0x0000, 0x0000, 0x0280, 0x0040, 0x0020, 0x0280, 0x0000, 0x0000,
  0x0000, 0x0000, 0x0000, 0x0220, 0x00C0, 0x0460, 0x0500, 0x01E0, 0x03E0, 0x0520, 0x0220, 0x0300,
  0x0D60, 0x0220, 0x02E0, 0x0540, 0x02A0, 0x02A0, 0x0560, 0x0300, 0x0220, 0x0500, 0x0340, 0x01E0,
  0x0500, 0x03C0, 0x01A0, 0x04C0, 0x0480, 0x0280, 0x0220, 0x0220, 0x0220, 0x0240, 0x0240, 0x0240,
  0x0220, 0x0220, 0x0240, 0x01E0, 0x0020, 0x0000, 0x0000, 0x0000, 0x0000, 0x0000, 0x0000, 0x0000,
  0x0000, 0x0000, 0x0000, 0x0000, 0x0000, 0x0000, 0x0000, 0x0000, 0x0000, 0x0000, 0x0000, 0x0000,
  0x0000, 0x0000, 0x0000, 0x0000, 0x0000, 0x0000, 0x0000, 0x0000, 0x0000, 0x0040, 0x0220, 0x0000,
  0x0000, 0x0000, 0x0000, 0x0000, 0x0000, 0x0000, 0x0000, 0x0060, 0x0140, 0x0120, 0x0100, 0x0060,
  0x01A0, 0x0020, 0x0000, 0x0020, 0x0120, 0x0120, 0x1380, 0x25A0, 0x1BE0, 0x1C40, 0x13A0, 0x0120,
  0x0A60, 0x1C00, 0x24E0, 0x2520, 0x2520, 0x2500, 0x24C0, 0x0AA0, 0x0180, 0x0160, 0x0120, 0x0180,
  0x0120, 0x0AA0, 0x2540, 0x2520, 0x1D00, 0x2540, 0x1C40, 0x1C20, 0x2560, 0x12E0, 0x0000, 0x00E0,
  0x0100, 0x0140, 0x00C0, 0x0100, 0x0160, 0x0180, 0x0020, 0x0000, 0x0000, 0x0000, 0x0000, 0x0000,
  0x0000, 0x0000, 0x0000, 0x0000, 0x0000, 0x0000, 0x0000, 0x0000, 0x0000, 0x0000, 0x0000, 0x0000,
  0x0000, 0x0000, 0x0000, 0x0000, 0x0000, 0x0000, 0x0000, 0x0000, 0x0000, 0x0000, 0x0280, 0x0040,
  0x0020, 0x0280, 0x0000, 0x0000, 0x0000, 0x0000, 0x0000, 0x0240, 0x0080, 0x0360, 0x0380, 0x0100,
  0x02E0, 0x0400, 0x01A0, 0x0220, 0x0C20, 0x0180, 0x0220, 0x0440, 0x0220, 0x0200, 0x0400, 0x01C0,
  0x0160, 0x0C20, 0x0280, 0x0120, 0x03E0, 0x0300, 0x0100, 0x03A0, 0x03A0, 0x01E0, 0x0160, 0x0180,
  0x0180, 0x0180, 0x0180, 0x01A0, 0x0180, 0x0180, 0x01A0, 0x0160, 0x0000, 0x0000, 0x0000, 0x0000,
  0x0000, 0x0000, 0x0000, 0x0000, 0x0000, 0x0000, 0x0000, 0x0000, 0x0000, 0x0000, 0x0000, 0x0000,
  0x0000, 0x0000, 0x0000, 0x0000, 0x0000, 0x0000, 0x0000, 0x0000, 0x0000, 0x0000, 0x0000, 0x0000,
  0x0000, 0x0000, 0x0260, 0x0000, 0x0000, 0x0000, 0x0000, 0x0000, 0x0000, 0x0000, 0x0020, 0x0140,
  0x0140, 0x0140, 0x0120, 0x0080, 0x0140, 0x0220, 0x0060, 0x0000, 0x0000, 0x0080, 0x01C0, 0x2D80,
  0x24E0, 0x1360, 0x2560, 0x0B00, 0x0140, 0x0180, 0x01E0, 0x01C0, 0x0160, 0x01A0, 0x01E0, 0x0160,
  0x01A0, 0x01A0, 0x01A0, 0x0140, 0x0AC0, 0x2540, 0x2520, 0x2520, 0x2520, 0x2540, 0x1360, 0x1CA0,
  0x25A0, 0x12A0, 0x0000, 0x0040, 0x00C0, 0x0100, 0x00E0, 0x0100, 0x0180, 0x0180, 0x0060, 0x0000,
  0x0000, 0x0000, 0x0000, 0x0000, 0x0000, 0x0000, 0x0000, 0x0000, 0x0000, 0x0000, 0x0000, 0x0000,
  0x0000, 0x0000, 0x0000, 0x0000, 0x0000, 0x0000, 0x0000, 0x0000, 0x0000, 0x0000, 0x0000, 0x0000,
  0x0000, 0x0000, 0x0280, 0x0040, 0x0020, 0x0280, 0x0000, 0x0000, 0x0000, 0x0000, 0x0000, 0x01C0,
  0x0180, 0x0160, 0x0160, 0x0160, 0x0180, 0x0160, 0x0160, 0x0160, 0x0160, 0x0140, 0x0160, 0x0180,
  0x0160, 0x0160, 0x0180, 0x0160, 0x0160, 0x0180, 0x0160, 0x0160, 0x0180, 0x0160, 0x0160, 0x0180,
  0x0160, 0x0160, 0x0160, 0x0160, 0x0160, 0x0160, 0x0160, 0x0160, 0x0160, 0x0160, 0x0160, 0x0160,
  0x0140, 0x0140, 0x0160, 0x0160, 0x0160, 0x0160, 0x0160, 0x0160, 0x0140, 0x0140, 0x0140, 0x0140,
  0x0140, 0x0140, 0x0140, 0x0140, 0x0140, 0x0160, 0x0160, 0x0140, 0x0160, 0x0160, 0x0160, 0x0160,
  0x0160, 0x0160, 0x0160, 0x0140, 0x0140, 0x01A0, 0x01C0, 0x0000, 0x0000, 0x0000, 0x0000, 0x0000,
  0x0000, 0x0000, 0x0140, 0x0160, 0x0140, 0x0140, 0x00E0, 0x00E0, 0x00C0, 0x0140, 0x0240, 0x00E0,
  0x0000, 0x0000, 0x0020, 0x12C0, 0x25A0, 0x1C40, 0x1CA0, 0x2500, 0x02A0, 0x01A0, 0x01C0, 0x01A0,
  0x01C0, 0x01A0, 0x01A0, 0x01C0, 0x01C0, 0x01C0, 0x0140, 0x0AC0, 0x2540, 0x2520, 0x2520, 0x2520,
  0x2540, 0x1C20, 0x1C20, 0x25A0, 0x1CC0, 0x0120, 0x0000, 0x0020, 0x00E0, 0x0100, 0x0080, 0x0120,
  0x0180, 0x0180, 0x0100, 0x0000, 0x0000, 0x0000, 0x0000, 0x0000, 0x0000, 0x0000, 0x0000, 0x0000,
  0x0000, 0x0000, 0x0000, 0x0000, 0x0000, 0x0000, 0x0000, 0x0000, 0x0000, 0x0000, 0x0000, 0x0000,
  0x0000, 0x0000, 0x0000, 0x0000, 0x0000, 0x0000, 0x0280, 0x0040, 0x0020, 0x0280, 0x0000, 0x0000,
  0x0000, 0x0000, 0x0000, 0x0000, 0x01C0, 0x01E0, 0x01E0, 0x01E0, 0x01E0, 0x01E0, 0x01E0, 0x01C0,
  0x01C0, 0x01E0, 0x01E0, 0x01E0, 0x01E0, 0x01E0, 0x01E0, 0x01E0, 0x01E0, 0x01E0, 0x01E0, 0x01E0,
  0x01C0, 0x01E0, 0x01E0, 0x01C0, 0x01E0, 0x01E0, 0x01E0, 0x01E0, 0x01E0, 0x01E0, 0x01E0, 0x01E0,
  0x01C0, 0x01C0, 0x01C0, 0x01C0, 0x01E0, 0x01E0, 0x01E0, 0x01E0, 0x01E0, 0x01E0, 0x01E0, 0x01E0,
  0x01E0, 0x01E0, 0x01E0, 0x01E0, 0x01E0, 0x01E0, 0x01E0, 0x01E0, 0x01E0, 0x01E0, 0x01E0, 0x01E0,
  0x01E0, 0x01E0, 0x01E0, 0x0200, 0x01E0, 0x01E0, 0x01E0, 0x01E0, 0x0200, 0x01E0, 0x0000, 0x0000,
  0x0000, 0x0000, 0x0000, 0x0000, 0x0000, 0x0100, 0x0180, 0x0160, 0x0160, 0x0160, 0x0120, 0x00E0,
  0x00C0, 0x0000, 0x00C0, 0x0280, 0x01E0, 0x0080, 0x0000, 0x0000, 0x0920, 0x12E0, 0x1C20, 0x25E0,
  0x1D00, 0x0220, 0x01A0, 0x01E0, 0x01E0, 0x01C0, 0x01C0, 0x01C0, 0x01C0, 0x0180, 0x0AE0, 0x2540,
  0x2520, 0x2500, 0x2520, 0x2540, 0x2580, 0x1CE0, 0x1C60, 0x1280, 0x0060, 0x0000, 0x0080, 0x0200,
  0x0120, 0x0120, 0x0080, 0x0120, 0x0180, 0x0180, 0x0120, 0x0000, 0x0000, 0x0000, 0x0000, 0x0000,
  0x0000, 0x0000, 0x0000, 0x0000, 0x0040, 0x0000, 0x0000, 0x0000, 0x0000, 0x0000, 0x0000, 0x0000,
  0x0000, 0x0000, 0x0000, 0x0000, 0x0000, 0x0000, 0x0000, 0x0000, 0x0000, 0x0000, 0x0280, 0x0040,
  0x0020, 0x0260, 0x0000, 0x0000, 0x0000, 0x0000, 0x0000, 0x0000, 0x0000, 0x0000, 0x0000, 0x0000,
  0x0000, 0x0000, 0x0000, 0x0000, 0x0000, 0x0000, 0x0000, 0x0000, 0x0000, 0x0000, 0x0000, 0x0000,
  0x0000, 0x0000, 0x0000, 0x0000, 0x0000, 0x0000, 0x0000, 0x0000, 0x0000, 0x0000, 0x0000, 0x0000,
  0x0000, 0x0000, 0x0000, 0x0000, 0x0000, 0x0000, 0x0000, 0x0000, 0x0000, 0x0000, 0x0000, 0x0000,
  0x0000, 0x0000, 0x0000, 0x0000, 0x0000, 0x0000, 0x0000, 0x0000, 0x0000, 0x0000, 0x0000, 0x0000,
  0x0000, 0x0000, 0x0000, 0x0000, 0x0000, 0x0000, 0x0000, 0x0000, 0x0000, 0x0000, 0x0000, 0x0000,
  0x0000, 0x0000, 0x0000, 0x0000, 0x0000, 0x0000, 0x0000, 0x0000, 0x00A0, 0x0180, 0x0140, 0x0140,
  0x0140, 0x0160, 0x0100, 0x00E0, 0x0100, 0x0000, 0x0000, 0x0040, 0x0180, 0x0280, 0x01C0, 0x0060,
  0x0000, 0x0000, 0x0080, 0x1260, 0x1C00, 0x1D00, 0x02C0, 0x01C0, 0x01C0, 0x01C0, 0x01A0, 0x01C0,
  0x0160, 0x0B20, 0x2560, 0x2540, 0x2580, 0x25A0, 0x25A0, 0x1CC0, 0x1360, 0x0120, 0x0020, 0x0000,
  0x0000, 0x0160, 0x0260, 0x0140, 0x0120, 0x0160, 0x00C0, 0x0140, 0x0160, 0x0160, 0x01A0, 0x0060,
  0x0000, 0x0000, 0x0000, 0x0000, 0x0000, 0x0000, 0x0000, 0x0180, 0x03A0, 0x0020, 0x0000, 0x0000,
  0x0000, 0x0000, 0x0000, 0x0000, 0x0000, 0x0000, 0x0000, 0x0000, 0x0000, 0x0000, 0x0000, 0x0000,
  0x0000, 0x0000, 0x0280, 0x0040, 0x0020, 0x0260, 0x0000, 0x0000, 0x0000, 0x0000, 0x0000, 0x0000,
  0x0000, 0x0000, 0x0000, 0x0000, 0x0000, 0x0000, 0x0000, 0x0000, 0x0000, 0x0000, 0x0000, 0x0000,
  0x0000, 0x0000, 0x0000, 0x0000, 0x0000, 0x0000, 0x0000, 0x0000, 0x0000, 0x0000, 0x0000, 0x0000,
  0x0000, 0x0000, 0x0000, 0x0000, 0x0000, 0x0000, 0x0000, 0x0000, 0x0000, 0x0000, 0x0000, 0x0000,
  0x0000, 0x0000, 0x0000, 0x0000, 0x0000, 0x0000, 0x0000, 0x0000, 0x0000, 0x0000, 0x0000, 0x0000,
  0x0000, 0x0000, 0x0000, 0x0000, 0x0000, 0x0000, 0x0000, 0x0000, 0x0000, 0x0000, 0x0000, 0x0000,
  0x0000, 0x0000, 0x0000, 0x0000, 0x0000, 0x0000, 0x0000, 0x0000, 0x0000, 0x0000, 0x0000, 0x0040,
  0x0160, 0x0160, 0x0120, 0x0140, 0x0200, 0x0140, 0x0100, 0x00C0, 0x0140, 0x0000, 0x0000, 0x0000,
  0x0000, 0x0080, 0x0200, 0x0280, 0x01E0, 0x00E0, 0x0000, 0x0000, 0x0000, 0x00A0, 0x0140, 0x0120,
  0x01E0, 0x01E0, 0x0200, 0x01C0, 0x1360, 0x25C0, 0x1CE0, 0x1C80, 0x13E0, 0x12E0, 0x09A0, 0x0020,
  0x0000, 0x0000, 0x0040, 0x0140, 0x0240, 0x0200, 0x0060, 0x0100, 0x0140, 0x0140, 0x00C0, 0x0160,
  0x0160, 0x0180, 0x0160, 0x0100, 0x0000, 0x0000, 0x0000, 0x0000, 0x0000, 0x0000, 0x0000, 0x0020,
  0x0060, 0x0000, 0x0000, 0x0000, 0x0000, 0x0000, 0x0000, 0x0000, 0x0000, 0x0000, 0x0000, 0x0000,
  0x0000, 0x0000, 0x0000, 0x0000, 0x0000, 0x0000, 0x0280, 0x0040, 0x0020, 0x0260, 0x0000, 0x0000,
  0x0000, 0x0000, 0x0000, 0x0000, 0x0000, 0x0000, 0x0000, 0x0000, 0x0000, 0x0000, 0x0000, 0x0000,
  0x0000, 0x0000, 0x0000, 0x0000, 0x0000, 0x0000, 0x0000, 0x0000, 0x0000, 0x0000, 0x0000, 0x0000,
  0x0000, 0x0000, 0x0000, 0x0000, 0x0000, 0x0000, 0x0000, 0x0000, 0x0000, 0x0000, 0x0000, 0x0000,
  0x0000, 0x0000, 0x0000, 0x0000, 0x0000, 0x0000, 0x0000, 0x0000, 0x0000, 0x0000, 0x0000, 0x0000,
  0x0000, 0x0000, 0x0000, 0x0000, 0x0000, 0x0000, 0x0000, 0x0000, 0x0000, 0x0000, 0x0000, 0x0000,
  0x0000, 0x0000, 0x0000, 0x0000, 0x0000, 0x0000, 0x0000, 0x0000, 0x0000, 0x0000, 0x0000, 0x0000,
  0x0000, 0x0000, 0x0000, 0x0120, 0x0160, 0x0120, 0x0160, 0x0380, 0x0440, 0x01C0, 0x0100, 0x00C0,
  0x0120, 0x0000, 0x0000, 0x0000, 0x0000, 0x0000, 0x0000, 0x00A0, 0x01E0, 0x0260, 0x0220, 0x0160,
  0x0060, 0x0000, 0x0000, 0x0000, 0x0000, 0x0020, 0x0080, 0x0080, 0x0980, 0x0960, 0x0060, 0x0000,
  0x0000, 0x0000, 0x0000, 0x0020, 0x0100, 0x01E0, 0x02A0, 0x0260, 0x0100, 0x0000, 0x0020, 0x0160,
  0x0160, 0x0120, 0x00E0, 0x0160, 0x0160, 0x0160, 0x0140, 0x0120, 0x00C0, 0x0000, 0x0000, 0x0000,
  0x0000, 0x0000, 0x0000, 0x0000, 0x0000, 0x0000, 0x0000, 0x0000, 0x0000, 0x0000, 0x0000, 0x0000,
  0x0000, 0x0000, 0x0000, 0x0000, 0x0000, 0x0000, 0x0000, 0x0000, 0x0000, 0x0000, 0x0280, 0x0040,
  0x0020, 0x0280, 0x0000, 0x0000, 0x0000, 0x0000, 0x0000, 0x0000, 0x0000, 0x0000, 0x0000, 0x0000,
  0x0000, 0x0000, 0x0000, 0x0000, 0x0000, 0x0000, 0x0000, 0x0000, 0x0000, 0x0000, 0x0000, 0x0000,
  0x0000, 0x0000, 0x0000, 0x0000, 0x0000, 0x0000, 0x0000, 0x0000, 0x0000, 0x0000, 0x0000, 0x0000,
  0x0000, 0x0000, 0x0000, 0x0000, 0x0000, 0x0000, 0x0000, 0x0000, 0x00C0, 0x0060, 0x0000, 0x0000,
  0x0000, 0x0000, 0x0000, 0x0000, 0x0000, 0x0000, 0x0000, 0x0000, 0x0000, 0x0000, 0x0000, 0x0000,
  0x0000, 0x0000, 0x0000, 0x0000, 0x0000, 0x0000, 0x0000, 0x0000, 0x0000, 0x0000, 0x0000, 0x0000,
  0x0000, 0x0000, 0x0000, 0x0000, 0x0000, 0x0000, 0x0100, 0x0160, 0x0100, 0x0180, 0x0400, 0x0460,
  0x0480, 0x0260, 0x0100, 0x00C0, 0x0140, 0x0020, 0x0000, 0x0000, 0x0000, 0x0000, 0x0000, 0x0000,
  0x0080, 0x0220, 0x01A0, 0x0220, 0x02A0, 0x0260, 0x01C0, 0x00A0, 0x0020, 0x0020, 0x0000, 0x0000,
  0x0000, 0x0000, 0x0000, 0x0020, 0x00A0, 0x0180, 0x0220, 0x0280, 0x0280, 0x0220, 0x0160, 0x0020,
  0x0000, 0x0000, 0x0060, 0x0180, 0x0160, 0x00E0, 0x0120, 0x0160, 0x0180, 0x0160, 0x0160, 0x0100,
  0x0140, 0x0020, 0x0000, 0x0000, 0x0000, 0x0000, 0x0000, 0x0000, 0x0000, 0x0000, 0x0000, 0x0000,
  0x0000, 0x0000, 0x0000, 0x0000, 0x0000, 0x0000, 0x0000, 0x0000, 0x0000, 0x0000, 0x0000, 0x0000,
  0x0000, 0x0000, 0x0280, 0x0040, 0x0020, 0x0280, 0x0000, 0x0000, 0x0000, 0x0000, 0x0000, 0x0000,
  0x0000, 0x0000, 0x0000, 0x0000, 0x0000, 0x0000, 0x0000, 0x0000, 0x0000, 0x0000, 0x0000, 0x0000,
  0x0000, 0x0000, 0x0000, 0x0000, 0x0000, 0x0000, 0x0000, 0x0000, 0x0000, 0x0000, 0x0000, 0x0000,
  0x0000, 0x0000, 0x0000, 0x0000, 0x0000, 0x0000, 0x0000, 0x0000, 0x0000, 0x0000, 0x0000, 0x0000,
  0x0280, 0x01A0, 0x0000, 0x0000, 0x0000, 0x0000, 0x0000, 0x0000, 0x0000, 0x0000, 0x0000, 0x0000,
  0x0000, 0x0000, 0x0000, 0x0000, 0x0000, 0x0000, 0x0000, 0x0000, 0x0000, 0x0000, 0x0000, 0x0000,
  0x0000, 0x0000, 0x0000, 0x0000, 0x0000, 0x0000, 0x0000, 0x0000, 0x0000, 0x00A0, 0x0160, 0x0100,
  0x01E0, 0x0420, 0x0480, 0x0440, 0x0480, 0x0340, 0x0140, 0x00A0, 0x0140, 0x0020, 0x0000, 0x0000,
  0x0000, 0x0000, 0x0000, 0x0000, 0x00C0, 0x02C0, 0x0220, 0x0020, 0x0080, 0x0140, 0x0200, 0x02A0,
  0x02A0, 0x02C0, 0x0280, 0x0240, 0x0260, 0x0260, 0x02A0, 0x0280, 0x02C0, 0x0280, 0x0220, 0x01E0,
  0x01A0, 0x0040, 0x0000, 0x0000, 0x0000, 0x0000, 0x00E0, 0x0180, 0x0140, 0x00E0, 0x0180, 0x0160,
  0x0140, 0x0140, 0x0160, 0x0120, 0x0160, 0x00A0, 0x0000, 0x0000, 0x0000, 0x0000, 0x0000, 0x0000,
  0x0000, 0x0000, 0x0000, 0x0000, 0x0000, 0x0000, 0x0000, 0x0000, 0x0000, 0x0000, 0x0000, 0x0000,
  0x0000, 0x0000, 0x0000, 0x0000, 0x0000, 0x0000, 0x0280, 0x0040, 0x0020, 0x0280, 0x0000, 0x0000,
  0x0000, 0x0000, 0x0000, 0x0000, 0x0000, 0x0000, 0x0000, 0x0000, 0x0000, 0x0000, 0x0000, 0x0000,
  0x0000, 0x0000, 0x0000, 0x0000, 0x0000, 0x0000, 0x0000, 0x0000, 0x0000, 0x0000, 0x0000, 0x0000,
  0x0000, 0x0000, 0x0000, 0x0000, 0x0000, 0x0000, 0x0000, 0x0000, 0x0000, 0x0000, 0x0000, 0x0000,
  0x0000, 0x0000, 0x0000, 0x0000, 0x0000, 0x0000, 0x0000, 0x0000, 0x0000, 0x0000, 0x0000, 0x0000,
  0x0000, 0x0000, 0x0000, 0x0000, 0x0000, 0x0000, 0x0000, 0x0000, 0x0000, 0x0000, 0x0000, 0x0000,
  0x0000, 0x0000, 0x0000, 0x0000, 0x0000, 0x0000, 0x0000, 0x0000, 0x0000, 0x0000, 0x0000, 0x0000,
  0x0040, 0x0160, 0x0120, 0x01C0, 0x0420, 0x04A0, 0x0460, 0x0480, 0x0460, 0x0420, 0x0180, 0x00E0,
  0x0120, 0x0000, 0x0000, 0x0000, 0x0000, 0x0000, 0x0000, 0x0000, 0x0080, 0x0280, 0x0200, 0x0000,
  0x0000, 0x0000, 0x0000, 0x0040, 0x0080, 0x00C0, 0x0100, 0x0100, 0x0100, 0x0100, 0x00E0, 0x00A0,
  0x0060, 0x0000, 0x00E0, 0x0220, 0x0180, 0x0000, 0x0000, 0x0000, 0x0000, 0x0000, 0x0120, 0x0180,
  0x0120, 0x0120, 0x0180, 0x0140, 0x0160, 0x02E0, 0x01A0, 0x0160, 0x0140, 0x0140, 0x0020, 0x0000,
  0x0000, 0x0000, 0x0000, 0x0000, 0x0000, 0x0000, 0x0000, 0x0000, 0x0000, 0x0000, 0x0000, 0x0000,
  0x0000, 0x0000, 0x0000, 0x0000, 0x0000, 0x0000, 0x0000, 0x0000, 0x0000, 0x0000, 0x0260, 0x0040,
  0x0020, 0x0280, 0x0000, 0x0000, 0x0000, 0x0000, 0x0000, 0x0000, 0x0000, 0x0000, 0x0000, 0x0000,
  0x0000, 0x0000, 0x0000, 0x0060, 0x0000, 0x0000, 0x0000, 0x0000, 0x0000, 0x0000, 0x0000, 0x0000,
  0x0000, 0x0000, 0x0000, 0x0000, 0x0000, 0x0000, 0x0000, 0x0000, 0x0000, 0x0000, 0x0000, 0x0000,
  0x0000, 0x0000, 0x0000, 0x0000, 0x0000, 0x0000, 0x0000, 0x0000, 0x0000, 0x0000, 0x0000, 0x0000,
  0x0000, 0x0000, 0x0000, 0x0000, 0x0000, 0x0000, 0x0000, 0x0000, 0x0000, 0x0000, 0x0000, 0x0000,
  0x0000, 0x0000, 0x0000, 0x0000, 0x0000, 0x0000, 0x0000, 0x0000, 0x0000, 0x0000, 0x0000, 0x0000,
  0x0000, 0x0000, 0x0000, 0x0020, 0x0140, 0x0120, 0x01A0, 0x0440, 0x0480, 0x0440, 0x0480, 0x0480,
  0x0480, 0x0420, 0x0160, 0x00E0, 0x0060, 0x0000, 0x0000, 0x0000, 0x0000, 0x0000, 0x0000, 0x0000,
  0x0040, 0x0280, 0x0200, 0x0000, 0x0000, 0x0000, 0x0000, 0x0000, 0x0000, 0x0000, 0x0000, 0x0000,
  0x0000, 0x0000, 0x0000, 0x0000, 0x0000, 0x0000, 0x0180, 0x0280, 0x00E0, 0x0000, 0x0000, 0x0000,
  0x0000, 0x0000, 0x0140, 0x0180, 0x00E0, 0x0140, 0x0160, 0x0160, 0x0360, 0x0CC0, 0x0320, 0x0120,
  0x0140, 0x0160, 0x00A0, 0x0000, 0x0000, 0x0000, 0x0000, 0x0000, 0x0000, 0x0000, 0x0000, 0x0000,
  0x0000, 0x0000, 0x0000, 0x0000, 0x0000, 0x0000, 0x0000, 0x0100, 0x0100, 0x0000, 0x0000, 0x0000,
  0x0000, 0x0000, 0x0260, 0x0040, 0x0020, 0x0260, 0x0000, 0x0000, 0x0000, 0x0000, 0x0000, 0x0000,
  0x0000, 0x0000, 0x0000, 0x0000, 0x0000, 0x0000, 0x00C0, 0x0380, 0x0020, 0x0000, 0x0000, 0x0000,
  0x0000, 0x0000, 0x0000, 0x0000, 0x0000, 0x0000, 0x0000, 0x0000, 0x0000, 0x0000, 0x0000, 0x0000,
  0x0000, 0x0000, 0x0000, 0x0000, 0x0000, 0x0000, 0x0000, 0x0000, 0x0000, 0x0000, 0x0000, 0x0000,
  0x0000, 0x0000, 0x0000, 0x0000, 0x0000, 0x0000, 0x0000, 0x0000, 0x0000, 0x0000, 0x0000, 0x0000,
  0x0000, 0x0000, 0x0140, 0x00C0, 0x0000, 0x0000, 0x0000, 0x0000, 0x0000, 0x0000, 0x0000, 0x0000,
  0x0000, 0x0000, 0x0000, 0x0000, 0x0020, 0x0080, 0x0080, 0x00E0, 0x0120, 0x01E0, 0x0420, 0x0460,
  0x0440, 0x0460, 0x0460, 0x0480, 0x0480, 0x0480, 0x0260, 0x0060, 0x0000, 0x0000, 0x0000, 0x0000,
  0x0000, 0x0000, 0x0000, 0x0000, 0x0020, 0x0240, 0x0220, 0x0000, 0x0000, 0x0000, 0x0000, 0x0000,
  0x0000, 0x0000, 0x0000, 0x0000, 0x0000, 0x0000, 0x0000, 0x0000, 0x0000, 0x0000, 0x01A0, 0x0240,
  0x0020, 0x0000, 0x0000, 0x0000, 0x0000, 0x0060, 0x0160, 0x0140, 0x00C0, 0x0160, 0x0100, 0x0280,
  0x0CA0, 0x0440, 0x0480, 0x0220, 0x0100, 0x0140, 0x0140, 0x0020, 0x0000, 0x0000, 0x0000, 0x0000,
  0x0000, 0x0000, 0x0000, 0x0000, 0x0000, 0x0000, 0x0000, 0x0000, 0x0000, 0x0000, 0x0000, 0x0020,
  0x0020, 0x0000, 0x0000, 0x0000, 0x0000, 0x0000, 0x0280, 0x0040, 0x0020, 0x0280, 0x0000, 0x0000,
  0x0000, 0x0000, 0x0000, 0x0000, 0x0000, 0x0000, 0x0000, 0x0000, 0x0000, 0x0000, 0x0000, 0x0080,
  0x0000, 0x0000, 0x0000, 0x0000, 0x0000, 0x0000, 0x0000, 0x0000, 0x0000, 0x0000, 0x0000, 0x0000,
  0x0000, 0x0000, 0x0000, 0x0000, 0x0000, 0x0000, 0x0000, 0x0000, 0x0000, 0x0000, 0x0000, 0x0000,
  0x0000, 0x0000, 0x0000, 0x0000, 0x0000, 0x0000, 0x0000, 0x0000, 0x0000, 0x0000, 0x0000, 0x0000,
  0x0000, 0x0000, 0x0000, 0x0000, 0x0000, 0x0000, 0x0000, 0x0000, 0x0000, 0x0000, 0x0000, 0x0000,
  0x0000, 0x0000, 0x0000, 0x0000, 0x0000, 0x0020, 0x0060, 0x00E0, 0x00A0, 0x0080, 0x00C0, 0x0120,
  0x01A0, 0x0420, 0x0460, 0x0420, 0x0440, 0x0460, 0x0460, 0x0440, 0x0440, 0x04A0, 0x0340, 0x0020,
  0x0000, 0x0000, 0x0000, 0x0000, 0x0000, 0x0000, 0x0000, 0x0000, 0x0000, 0x01C0, 0x0220, 0x0000,
  0x0000, 0x0000, 0x0000, 0x0000, 0x0000, 0x0000, 0x0000, 0x0000, 0x0000, 0x0000, 0x0000, 0x0000,
  0x0000, 0x0020, 0x0200, 0x0200, 0x0000, 0x0000, 0x0000, 0x0000, 0x0000, 0x0080, 0x0180, 0x00C0,
  0x0140, 0x0140, 0x01C0, 0x0440, 0x0460, 0x0460, 0x0480, 0x0420, 0x0180, 0x0100, 0x0160, 0x0080,
  0x0000, 0x0000, 0x0000, 0x0000, 0x0000, 0x0000, 0x0000, 0x0000, 0x0000, 0x0000, 0x0000, 0x0000,
  0x0000, 0x0000, 0x0000, 0x0000, 0x0000, 0x0000, 0x0000, 0x0000, 0x0000, 0x0000, 0x0280, 0x0040,
  0x0020, 0x0280, 0x0000, 0x0000, 0x0000, 0x0000, 0x0000, 0x0000, 0x0000, 0x0000, 0x0000, 0x0000,
  0x0000, 0x0000, 0x0000, 0x0000, 0x0000, 0x0000, 0x0000, 0x0000, 0x0000, 0x0000, 0x0000, 0x0000,
  0x0000, 0x0000, 0x0000, 0x0000, 0x0000, 0x0000, 0x0160, 0x01C0, 0x0000, 0x0000, 0x0000, 0x0000,
  0x0000, 0x0000, 0x0000, 0x0000, 0x0000, 0x0000, 0x0000, 0x0000, 0x0000, 0x0000, 0x0000, 0x0000,
  0x0000, 0x0000, 0x0000, 0x0000, 0x0000, 0x0000, 0x0000, 0x0000, 0x0000, 0x0000, 0x0000, 0x0000,
  0x0000, 0x0000, 0x0000, 0x0000, 0x0000, 0x0020, 0x0060, 0x00A0, 0x0100, 0x00C0, 0x0080, 0x0060,
  0x0000, 0x0020, 0x0120, 0x01A0, 0x0400, 0x0480, 0x0440, 0x0460, 0x0460, 0x0460, 0x0460, 0x0460,
  0x0440, 0x04A0, 0x0320, 0x0020, 0x0000, 0x0000, 0x0000, 0x0000, 0x0000, 0x0000, 0x0000, 0x0000,
  0x0000, 0x01E0, 0x0200, 0x0000, 0x0000, 0x0080, 0x0000, 0x0000, 0x0000, 0x0000, 0x0000, 0x0000,
  0x0000, 0x0000, 0x0000, 0x0000, 0x0000, 0x0080, 0x0280, 0x0120, 0x0000, 0x0000, 0x0000, 0x0000,
  0x0000, 0x0040, 0x0160, 0x0100, 0x0160, 0x0140, 0x03A0, 0x04A0, 0x0460, 0x0460, 0x0440, 0x04A0,
  0x0380, 0x0120, 0x0140, 0x0100, 0x0000, 0x0000, 0x0000, 0x0000, 0x0000, 0x0000, 0x0000, 0x0000,
  0x0000, 0x0000, 0x0000, 0x0000, 0x0000, 0x0000, 0x0000, 0x0000, 0x0000, 0x0000, 0x0000, 0x0000,
  0x0000, 0x0000, 0x0280, 0x0040, 0x0020, 0x0280, 0x0000, 0x0000, 0x0000, 0x0000, 0x0000, 0x0000,
  0x0000, 0x0000, 0x0000, 0x0000, 0x0000, 0x0000, 0x0000, 0x0000, 0x0000, 0x0000, 0x0000, 0x0000,
  0x0000, 0x0000, 0x0000, 0x0000, 0x0000, 0x0000, 0x0000, 0x0000, 0x0000, 0x0000, 0x0080, 0x00C0,
  0x0000, 0x0000, 0x0000, 0x0000, 0x0000, 0x0000, 0x0000, 0x0000, 0x0000, 0x0000, 0x0000, 0x0000,
  0x0000, 0x0000, 0x0000, 0x0000, 0x0000, 0x0000, 0x0000, 0x0000, 0x0000, 0x0000, 0x0000, 0x0000,
  0x0000, 0x0000, 0x0000, 0x0000, 0x0000, 0x0000, 0x0020, 0x0080, 0x00A0, 0x0100, 0x0100, 0x0080,
  0x0040, 0x0000, 0x0000, 0x0000, 0x0000, 0x0100, 0x01A0, 0x0420, 0x04A0, 0x0460, 0x0480, 0x0480,
  0x0480, 0x0480, 0x04A0, 0x0480, 0x0480, 0x04A0, 0x03C0, 0x0040, 0x0000, 0x0000, 0x0000, 0x0000,
  0x0000, 0x0000, 0x0000, 0x0000, 0x0000, 0x01E0, 0x0220, 0x0000, 0x0060, 0x0280, 0x0080, 0x0000,
  0x0000, 0x0000, 0x0000, 0x0000, 0x0000, 0x0000, 0x0000, 0x0000, 0x0000, 0x00A0, 0x02A0, 0x00C0,
  0x0000, 0x0000, 0x0000, 0x0000, 0x0000, 0x0060, 0x0060, 0x0120, 0x0160, 0x0200, 0x0C80, 0x0480,
  0x0CA0, 0x0480, 0x0480, 0x0460, 0x0CC0, 0x0300, 0x0120, 0x0160, 0x0060, 0x0060, 0x0000, 0x0000,
  0x0000, 0x0000, 0x0000, 0x0000, 0x0000, 0x0000, 0x0000, 0x0000, 0x0000, 0x0000, 0x0000, 0x0000,
  0x0000, 0x0000, 0x0000, 0x0000, 0x0000, 0x0000, 0x0280, 0x0040, 0x0020, 0x0280, 0x0000, 0x0000,
  0x0000, 0x0000, 0x0000, 0x0000, 0x0000, 0x0000, 0x0000, 0x0000, 0x0000, 0x0000, 0x0000, 0x0000,
  0x0000, 0x0000, 0x0000, 0x0000, 0x0000, 0x0000, 0x0000, 0x0000, 0x0000, 0x0000, 0x0000, 0x0000,
  0x0000, 0x0000, 0x0000, 0x0000, 0x0000, 0x0000, 0x0000, 0x0000, 0x0000, 0x0000, 0x0000, 0x0000,
  0x0000, 0x0000, 0x0000, 0x0000, 0x0000, 0x0000, 0x0000, 0x0000, 0x0000, 0x0000, 0x0000, 0x0000,
  0x0000, 0x0000, 0x0000, 0x0000, 0x0000, 0x0000, 0x0000, 0x0020, 0x0080, 0x00A0, 0x00E0, 0x0100,
  0x00A0, 0x0020, 0x0000, 0x0000, 0x0000, 0x0000, 0x0000, 0x0000, 0x0080, 0x01C0, 0x03E0, 0x04C0,
  0x0480, 0x04A0, 0x0480, 0x0480, 0x04A0, 0x04A0, 0x04A0, 0x04A0, 0x04A0, 0x04C0, 0x0440, 0x0060,
  0x0000, 0x0000, 0x0000, 0x0000, 0x0000, 0x0000, 0x0000, 0x0000, 0x0000, 0x01C0, 0x0200, 0x0000,
  0x0000, 0x0060, 0x0000, 0x0000, 0x0000, 0x0000, 0x0000, 0x0000, 0x0000, 0x0000, 0x0000, 0x0000,
  0x0000, 0x0120, 0x0220, 0x0020, 0x0000, 0x0000, 0x0000, 0x0000, 0x0060, 0x0020, 0x0000, 0x0140,
  0x01A0, 0x03E0, 0x04A0, 0x04A0, 0x0CA0, 0x0480, 0x0C80, 0x04A0, 0x0480, 0x04C0, 0x0240, 0x0120,
  0x00C0, 0x00A0, 0x00E0, 0x0080, 0x0020, 0x0000, 0x0000, 0x0000, 0x0000, 0x0000, 0x0000, 0x0000,
  0x0000, 0x0000, 0x0000, 0x0000, 0x0000, 0x0000, 0x0000, 0x0000, 0x0000, 0x0000, 0x0280, 0x0040,
  0x0020, 0x0280, 0x0000, 0x0000, 0x0100, 0x0000, 0x0000, 0x0000, 0x0000, 0x0000, 0x0000, 0x0000,
  0x0000, 0x0000, 0x0000, 0x0000, 0x0000, 0x0000, 0x0000, 0x0000, 0x0000, 0x0000, 0x0000, 0x0000,
  0x0000, 0x0000, 0x0000, 0x0000, 0x0000, 0x0000, 0x0000, 0x0000, 0x0000, 0x0000, 0x0000, 0x0000,
  0x0000, 0x0000, 0x0000, 0x0000, 0x0000, 0x0000, 0x0000, 0x0000, 0x0000, 0x0000, 0x0000, 0x0000,
  0x0000, 0x0000, 0x0000, 0x0000, 0x0000, 0x0000, 0x0000, 0x0000, 0x0000, 0x0040, 0x00C0, 0x0100,
  0x0120, 0x00E0, 0x0060, 0x0000, 0x0000, 0x0000, 0x0000, 0x0000, 0x0000, 0x0000, 0x0000, 0x0020,
  0x0120, 0x0360, 0x04C0, 0x0460, 0x0460, 0x0460, 0x0460, 0x0460, 0x0460, 0x0460, 0x0480, 0x0480,
  0x0480, 0x0480, 0x0400, 0x0060, 0x0000, 0x0000, 0x0000, 0x0000, 0x0000, 0x0000, 0x0000, 0x0000,
  0x0000, 0x01A0, 0x0220, 0x0000, 0x0000, 0x0000, 0x0000, 0x0000, 0x0000, 0x0000, 0x0000, 0x0000,
  0x0000, 0x0000, 0x0000, 0x0000, 0x0000, 0x01C0, 0x01C0, 0x0000, 0x0000, 0x0000, 0x0000, 0x0000,
  0x0040, 0x0000, 0x00A0, 0x0160, 0x02C0, 0x04A0, 0x0460, 0x0460, 0x0460, 0x0460, 0x0480, 0x0480,
  0x0460, 0x0480, 0x0420, 0x01A0, 0x0100, 0x0000, 0x0080, 0x0100, 0x0100, 0x00A0, 0x0020, 0x0000,
  0x0000, 0x0000, 0x0000, 0x0000, 0x0000, 0x0000, 0x0000, 0x0000, 0x0000, 0x0000, 0x0000, 0x0080,
  0x0020, 0x0000, 0x0280, 0x0040, 0x0020, 0x02C0, 0x0120, 0x0060, 0x0000, 0x0000, 0x0000, 0x0000,
  0x0000, 0x0000, 0x0000, 0x0000, 0x0000, 0x0000, 0x0000, 0x0000, 0x0000, 0x0000, 0x0000, 0x0000,
  0x0000, 0x0000, 0x0000, 0x0000, 0x0000, 0x0000, 0x0000, 0x0000, 0x0000, 0x0000, 0x0000, 0x0000,
  0x0000, 0x0000, 0x0000, 0x0000, 0x0000, 0x0000, 0x0000, 0x0000, 0x0000, 0x0000, 0x0000, 0x0000,
  0x0000, 0x0000, 0x0000, 0x0000, 0x0000, 0x0000, 0x0000, 0x0000, 0x0000, 0x0020, 0x0060, 0x00C0,
  0x00E0, 0x0100, 0x0100, 0x00C0, 0x0060, 0x0000, 0x0000, 0x0000, 0x0000, 0x0000, 0x0000, 0x0000,
  0x0000, 0x0000, 0x0020, 0x0180, 0x03A0, 0x04E0, 0x04C0, 0x04E0, 0x04E0, 0x04E0, 0x04C0, 0x04A0,
  0x04C0, 0x04E0, 0x04E0, 0x04E0, 0x04C0, 0x04C0, 0x0520, 0x0120, 0x0000, 0x0000, 0x0000, 0x0000,
  0x0000, 0x0000, 0x0000, 0x0000, 0x0000, 0x01E0, 0x0240, 0x0000, 0x0000, 0x0000, 0x0000, 0x0000,
  0x0000, 0x0000, 0x0000, 0x0000, 0x0000, 0x0000, 0x0000, 0x0000, 0x0000, 0x0240, 0x0180, 0x0000,
  0x0000, 0x0000, 0x0000, 0x0000, 0x0000, 0x0000, 0x0140, 0x0260, 0x04C0, 0x04E0, 0x04E0, 0x04C0,
  0x04C0, 0x04E0, 0x04C0, 0x04C0, 0x04C0, 0x04C0, 0x0500, 0x0400, 0x0180, 0x0040, 0x0000, 0x0020,
  0x00A0, 0x0100, 0x0100, 0x00A0, 0x0040, 0x0000, 0x0000, 0x0000, 0x0000, 0x0000, 0x0000, 0x0000,
  0x0000, 0x0000, 0x0000, 0x0000, 0x0040, 0x0100, 0x02E0, 0x0020, 0x0000, 0x01C0, 0x0580, 0x0180,
  0x0000, 0x0000, 0x0000, 0x0000, 0x0000, 0x0000, 0x0000, 0x0000, 0x0000, 0x0000, 0x0000, 0x0000,
  0x0000, 0x0000, 0x0000, 0x0000, 0x0000, 0x0000, 0x0000, 0x0000, 0x0000, 0x0000, 0x0000, 0x0000,
  0x0000, 0x0000, 0x0000, 0x0000, 0x0000, 0x0000, 0x0000, 0x0000, 0x0000, 0x0000, 0x0000, 0x0000,
  0x0000, 0x0000, 0x0000, 0x0000, 0x0000, 0x0000, 0x0000, 0x0000, 0x0000, 0x0000, 0x0000, 0x0000,
  0x0000, 0x0020, 0x0040, 0x0040, 0x0020, 0x0020, 0x0020, 0x0000, 0x0000, 0x0000, 0x0000, 0x0000,
  0x0000, 0x0000, 0x0000, 0x0000, 0x0000, 0x0000, 0x0000, 0x00C0, 0x01E0, 0x01C0, 0x01A0, 0x01C0,
  0x01A0, 0x01C0, 0x01A0, 0x01A0, 0x01C0, 0x01C0, 0x01C0, 0x01A0, 0x01C0, 0x01C0, 0x01E0, 0x0060,
  0x0000, 0x0000, 0x0000, 0x0000, 0x0000, 0x0000, 0x0000, 0x0000, 0x0000, 0x00A0, 0x00A0, 0x0000,
  0x0000, 0x0000, 0x0000, 0x0000, 0x0000, 0x0000, 0x0000, 0x0000, 0x0000, 0x0000, 0x0000, 0x0000,
  0x0000, 0x00E0, 0x0040, 0x0000, 0x0000, 0x0000, 0x0000, 0x0000, 0x0000, 0x0000, 0x0060, 0x0140,
  0x01E0, 0x01C0, 0x01C0, 0x01C0, 0x01C0, 0x01C0, 0x01C0, 0x01C0, 0x01C0, 0x01C0, 0x01C0, 0x01C0,
  0x0080, 0x0000, 0x0000, 0x0000, 0x0000, 0x0000, 0x0020, 0x0040, 0x0040, 0x0000, 0x0000, 0x0000,
  0x0000, 0x0000, 0x0000, 0x0000, 0x0000, 0x0000, 0x0000, 0x0000, 0x00A0, 0x0560, 0x0220, 0x0000,
  0x0000, 0x0000, 0x0240, 0x0320, 0x02C0, 0x02C0, 0x02C0, 0x02C0, 0x02C0, 0x02E0, 0x02C0, 0x02C0,
  0x02E0, 0x02C0, 0x02C0, 0x02E0, 0x02C0, 0x02E0, 0x02E0, 0x02E0, 0x02E0, 0x02E0, 0x02E0, 0x02C0,
  0x02C0, 0x02E0, 0x02C0, 0x02E0, 0x02E0, 0x02C0, 0x02C0, 0x02E0, 0x02E0, 0x02E0, 0x02E0, 0x02E0,
  0x02C0, 0x02C0, 0x02E0, 0x02E0, 0x02E0, 0x02E0, 0x02E0, 0x02E0, 0x02C0, 0x02C0, 0x02E0, 0x02C0,
  0x02E0, 0x02C0, 0x02C0, 0x02C0, 0x02E0, 0x02C0, 0x02A0, 0x02A0, 0x02C0, 0x02C0, 0x02C0, 0x02C0,
  0x02E0, 0x02E0, 0x02E0, 0x02C0, 0x02C0, 0x02E0, 0x02E0, 0x02E0, 0x02E0, 0x02E0, 0x02C0, 0x02A0,
  0x0260, 0x0280, 0x0280, 0x0280, 0x0280, 0x0280, 0x0260, 0x0280, 0x0280, 0x0280, 0x0260, 0x0260,
  0x0260, 0x0260, 0x0240, 0x0280, 0x02C0, 0x02E0, 0x02E0, 0x02E0, 0x02E0, 0x02E0, 0x02E0, 0x02E0,
  0x02E0, 0x02A0, 0x02A0, 0x02C0, 0x02E0, 0x02E0, 0x02C0, 0x02C0, 0x02E0, 0x02E0, 0x02E0, 0x02C0,
  0x02C0, 0x02C0, 0x02C0, 0x02E0, 0x02C0, 0x02A0, 0x02A0, 0x02E0, 0x02E0, 0x02C0, 0x02E0, 0x02E0,
  0x02E0, 0x02C0, 0x02A0, 0x0280, 0x0260, 0x0260, 0x0260, 0x0260, 0x0260, 0x0260, 0x0280, 0x0260,
  0x0260, 0x0260, 0x0260, 0x0260, 0x02A0, 0x02C0, 0x02E0, 0x02E0, 0x02C0, 0x02C0, 0x02C0, 0x02A0,
  0x02C0, 0x02C0, 0x02E0, 0x02E0, 0x02C0, 0x02C0, 0x02C0, 0x02C0, 0x02C0, 0x02C0, 0x02A0, 0x02A0,
  0x02E0, 0x0240, 0x0000, 0x0000, 0x0000, 0x0000, 0x0000, 0x0080, 0x00A0, 0x00A0, 0x00A0, 0x00A0,
  0x00A0, 0x00A0, 0x00A0, 0x00A0, 0x00A0, 0x00A0, 0x00A0, 0x00A0, 0x00A0, 0x00A0, 0x00A0, 0x00A0,
  0x00A0, 0x00A0, 0x00A0, 0x00A0, 0x00A0, 0x00A0, 0x00A0, 0x00A0, 0x00A0, 0x00A0, 0x00A0, 0x00A0,
  0x00A0, 0x00A0, 0x00A0, 0x00A0, 0x00A0, 0x00A0, 0x00A0, 0x00A0, 0x00A0, 0x00A0, 0x00A0, 0x00A0,
  0x00A0, 0x00A0, 0x00A0, 0x00A0, 0x00A0, 0x00A0, 0x00A0, 0x00A0, 0x00A0, 0x00A0, 0x00A0, 0x00A0,
  0x00A0, 0x00A0, 0x00A0, 0x00A0, 0x00A0, 0x00A0, 0x00A0, 0x00A0, 0x00A0, 0x00A0, 0x00A0, 0x00A0,
  0x00A0, 0x00A0, 0x00A0, 0x00A0, 0x00C0, 0x00C0, 0x00C0, 0x00C0, 0x00C0, 0x00C0, 0x00C0, 0x00C0,
  0x00C0, 0x00C0, 0x00C0, 0x00C0, 0x00C0, 0x00A0, 0x00A0, 0x00A0, 0x00A0, 0x00A0, 0x00A0, 0x00A0,
  0x00A0, 0x00A0, 0x00A0, 0x00A0, 0x00A0, 0x00A0, 0x00A0, 0x00A0, 0x00A0, 0x00A0, 0x00A0, 0x00A0,
  0x00A0, 0x00A0, 0x00A0, 0x00A0, 0x00A0, 0x00A0, 0x00A0, 0x00A0, 0x00A0, 0x00A0, 0x00A0, 0x00A0,
  0x00A0, 0x00A0, 0x00A0, 0x00A0, 0x00A0, 0x00A0, 0x00A0, 0x00C0, 0x00C0, 0x00A0, 0x00A0, 0x00A0,
  0x00A0, 0x00C0, 0x00C0, 0x00C0, 0x00A0, 0x00A0, 0x00A0, 0x00C0, 0x00A0, 0x00A0, 0x00A0, 0x00A0,
  0x00A0, 0x00A0, 0x00A0, 0x00A0, 0x00A0, 0x00A0, 0x00A0, 0x00A0, 0x00A0, 0x00A0, 0x00A0, 0x00A0,
  0x00A0, 0x00A0, 0x00A0, 0x00A0, 0x0080, 0x0000, 0x0000, 0x0000,
};
